-- ==========================
-- Тестовые данные
-- ==========================
-- =============================
-- 1. Роли
-- =============================
INSERT INTO roles (code, name) VALUES
    ('patient', 'Пациент'),
    ('doctor', 'Врач'),
    ('admin', 'Администратор');

-- =============================
-- 2. Пользователи: 30 врачей + 30 пациентов + 1 админ = 61
-- =============================
INSERT INTO users (email, phone, password_hash, first_name, last_name, middle_name, is_active) VALUES
-- Врачи (id 1–30)
('doctor1@example.com', '+79001110001', 'hash1', 'Анна', 'Иванова', 'Сергеевна', true),
('doctor2@example.com', '+79001110002', 'hash2', 'Борис', 'Петров', 'Алексеевич', true),
('doctor3@example.com', '+79001110003', 'hash3', 'Вера', 'Смирнова', 'Ивановна', true),
('doctor4@example.com', '+79001110004', 'hash4', 'Григорий', 'Козлов', 'Владимирович', true),
('doctor5@example.com', '+79001110005', 'hash5', 'Дарья', 'Новикова', 'Павловна', true),
('doctor6@example.com', '+79001110006', 'hash6', 'Евгений', 'Морозов', 'Сергеевич', true),
('doctor7@example.com', '+79001110007', 'hash7', 'Жанна', 'Волкова', 'Андреевна', true),
('doctor8@example.com', '+79001110008', 'hash8', 'Захар', 'Лебедев', 'Олегович', true),
('doctor9@example.com', '+79001110009', 'hash9', 'Ирина', 'Кузнецова', 'Викторовна', true),
('doctor10@example.com', '+79001110010', 'hash10', 'Константин', 'Попов', 'Дмитриевич', true),
('doctor11@example.com', '+79001110011', 'hash11', 'Людмила', 'Соколова', 'Сергеевна', true),
('doctor12@example.com', '+79001110012', 'hash12', 'Максим', 'Егоров', 'Андреевич', true),
('doctor13@example.com', '+79001110013', 'hash13', 'Наталья', 'Федорова', 'Владимировна', true),
('doctor14@example.com', '+79001110014', 'hash14', 'Олег', 'Семёнов', 'Игоревич', true),
('doctor15@example.com', '+79001110015', 'hash15', 'Полина', 'Андреева', 'Сергеевна', true),
('doctor16@example.com', '+79001110016', 'hash16', 'Роман', 'Макаров', 'Владимирович', true),
('doctor17@example.com', '+79001110017', 'hash17', 'Светлана', 'Николаева', 'Павловна', true),
('doctor18@example.com', '+79001110018', 'hash18', 'Тимур', 'Григорьев', 'Андреевич', true),
('doctor19@example.com', '+79001110019', 'hash19', 'Ульяна', 'Щербакова', 'Сергеевна', true),
('doctor20@example.com', '+79001110020', 'hash20', 'Фёдор', 'Дмитриев', 'Викторович', true),
('doctor21@example.com', '+79001110021', 'hash21', 'Эльвира', 'Ковалёва', 'Андреевна', true),
('doctor22@example.com', '+79001110022', 'hash22', 'Юрий', 'Алексеев', 'Сергеевич', true),
('doctor23@example.com', '+79001110023', 'hash23', 'Ярослав', 'Михайлов', 'Владимирович', true),
('doctor24@example.com', '+79001110024', 'hash24', 'Алина', 'Белова', 'Павловна', true),
('doctor25@example.com', '+79001110025', 'hash25', 'Богдан', 'Титов', 'Игоревич', true),
('doctor26@example.com', '+79001110026', 'hash26', 'Валерия', 'Калинина', 'Сергеевна', true),
('doctor27@example.com', '+79001110027', 'hash27', 'Глеб', 'Орлов', 'Андреевич', true),
('doctor28@example.com', '+79001110028', 'hash28', 'Дина', 'Фролова', 'Владимировна', true),
('doctor29@example.com', '+79001110029', 'hash29', 'Егор', 'Комаров', 'Сергеевич', true),
('doctor30@example.com', '+79001110030', 'hash30', 'Жанна', 'Медведева', 'Андреевна', true),

-- Пациенты (id 31–60)
('patient1@example.com', '+79002220001', 'hash31', 'Алексей', 'Сидоров', 'Иванович', true),
('patient2@example.com', '+79002220002', 'hash32', 'Белла', 'Кузнецова', 'Сергеевна', true),
('patient3@example.com', '+79002220003', 'hash33', 'Виктор', 'Зайцев', 'Андреевич', true),
('patient4@example.com', '+79002220004', 'hash34', 'Галина', 'Белова', 'Павловна', true),
('patient5@example.com', '+79002220005', 'hash35', 'Дмитрий', 'Морозов', 'Владимирович', true),
('patient6@example.com', '+79002220006', 'hash36', 'Екатерина', 'Лебедева', 'Сергеевна', true),
('patient7@example.com', '+79002220007', 'hash37', 'Артём', 'Соколов', 'Игоревич', true),
('patient8@example.com', '+79002220008', 'hash38', 'Ирина', 'Новикова', 'Викторовна', true),
('patient9@example.com', '+79002220009', 'hash39', 'Кирилл', 'Попов', 'Андреевич', true),
('patient10@example.com', '+79002220010', 'hash40', 'Любовь', 'Федорова', 'Сергеевна', true),
('patient11@example.com', '+79002220011', 'hash41', 'Мария', 'Григорьева', 'Павловна', true),
('patient12@example.com', '+79002220012', 'hash42', 'Никита', 'Андреев', 'Владимирович', true),
('patient13@example.com', '+79002220013', 'hash43', 'Ольга', 'Макарова', 'Сергеевна', true),
('patient14@example.com', '+79002220014', 'hash44', 'Павел', 'Ковалёв', 'Андреевич', true),
('patient15@example.com', '+79002220015', 'hash45', 'Раиса', 'Щербакова', 'Викторовна', true),
('patient16@example.com', '+79002220016', 'hash46', 'Сергей', 'Дмитриев', 'Сергеевич', true),
('patient17@example.com', '+79002220017', 'hash47', 'Татьяна', 'Алексеева', 'Павловна', true),
('patient18@example.com', '+79002220018', 'hash48', 'Ульяна', 'Михайлова', 'Игоревна', true),
('patient19@example.com', '+79002220019', 'hash49', 'Филипп', 'Белов', 'Андреевич', true),
('patient20@example.com', '+79002220020', 'hash50', 'Эльвира', 'Титова', 'Сергеевна', true),
('patient21@example.com', '+79002220021', 'hash51', 'Юлия', 'Калинина', 'Владимировна', true),
('patient22@example.com', '+79002220022', 'hash52', 'Ярослава', 'Орлова', 'Сергеевна', true),
('patient23@example.com', '+79002220023', 'hash53', 'Антон', 'Фролов', 'Андреевич', true),
('patient24@example.com', '+79002220024', 'hash54', 'Борис', 'Комаров', 'Викторович', true),
('patient25@example.com', '+79002220025', 'hash55', 'Вера', 'Медведева', 'Павловна', true),
('patient26@example.com', '+79002220026', 'hash56', 'Глеб', 'Смирнов', 'Сергеевич', true),
('patient27@example.com', '+79002220027', 'hash57', 'Дарья', 'Иванова', 'Андреевна', true),
('patient28@example.com', '+79002220028', 'hash58', 'Евгений', 'Петров', 'Владимирович', true),
('patient29@example.com', '+79002220029', 'hash59', 'Жанна', 'Козлова', 'Сергеевна', true),
('patient30@example.com', '+79002220030', 'hash60', 'Зоя', 'Новиков', 'Павловна', true),

-- Админ (id 61)
('admin@example.com', '+79000000000', 'admin_hash', 'Админ', 'Системный', 'Админович', true);

-- =============================
-- 3. Назначение ролей
-- =============================
-- Врачи (id 1–30)
INSERT INTO user_roles (user_id, role_id)
SELECT id, (SELECT id FROM roles WHERE code = 'doctor') FROM users WHERE email LIKE 'doctor%@example.com';

-- Пациенты (id 31–60)
INSERT INTO user_roles (user_id, role_id)
SELECT id, (SELECT id FROM roles WHERE code = 'patient') FROM users WHERE email LIKE 'patient%@example.com';

-- Админ
INSERT INTO user_roles (user_id, role_id)
SELECT id, (SELECT id FROM roles WHERE code = 'admin') FROM users WHERE email = 'admin@example.com';

-- =============================
-- 4. Специализации и кабинеты
-- =============================
INSERT INTO specializations (code, name, description) VALUES
    ('cardio', 'Кардиология', 'Лечение сердечно-сосудистых заболеваний'),
    ('neuro', 'Неврология', 'Заболевания нервной системы'),
    ('ortho', 'Ортопедия', 'Лечение опорно-двигательного аппарата'),
    ('dent', 'Стоматология', 'Лечение зубов и челюстей');

INSERT INTO rooms (code, name) VALUES
    ('R1', 'Кабинет 1'),
    ('R2', 'Кабинет 2'),
    ('R3', 'Кабинет 3'),
    ('R4', 'Кабинет 4'),
    ('R5', 'Кабинет 5'),
    ('R6', 'Кабинет 6'),
    ('R7', 'Кабинет 7'),
    ('R8', 'Кабинет 8'),
    ('R9', 'Кабинет 9'),
    ('R10', 'Кабинет 10');

-- =============================
-- 5. Врачи и пациенты (сущности)
-- =============================
INSERT INTO doctors (user_id, display_name, bio, experience_years) VALUES
(1, 'Анна И.', 'Кардиолог с 10-летним стажем.', 10),
(2, 'Борис П.', 'Невролог высшей категории.', 12),
(3, 'Вера С.', 'Ортопед, специалист по травмам.', 8),
(4, 'Григорий К.', 'Стоматолог-хирург.', 15),
(5, 'Дарья Н.', 'Кардиолог, ведёт приём с 2016 г.', 9),
(6, 'Евгений М.', 'Невролог, профессор.', 20),
(7, 'Жанна В.', 'Ортопед, кандидат наук.', 7),
(8, 'Захар Л.', 'Стоматолог, имплантолог.', 11),
(9, 'Ирина К.', 'Кардиолог, УЗИ-диагностика.', 13),
(10, 'Константин П.', 'Невролог, головные боли.', 6),
(11, 'Людмила С.', 'Ортопед, ЛФК.', 9),
(12, 'Максим Е.', 'Стоматолог, эстетическая стоматология.', 10),
(13, 'Наталья Ф.', 'Кардиолог, аритмии.', 14),
(14, 'Олег С.', 'Невролог, инсульты.', 18),
(15, 'Полина А.', 'Ортопед, детская ортопедия.', 5),
(16, 'Роман М.', 'Стоматолог, ортопедия.', 12),
(17, 'Светлана Н.', 'Кардиолог, профилактика.', 8),
(18, 'Тимур Г.', 'Невролог, детская неврология.', 10),
(19, 'Ульяна Щ.', 'Ортопед, спина.', 11),
(20, 'Фёдор Д.', 'Стоматолог, хирургия.', 16),
(21, 'Эльвира К.', 'Кардиолог, холтер.', 7),
(22, 'Юрий А.', 'Невролог, ПИКС.', 13),
(23, 'Ярослав М.', 'Ортопед, суставы.', 9),
(24, 'Алина Б.', 'Стоматолог, пародонтология.', 6),
(25, 'Богдан Т.', 'Кардиолог, МРТ.', 12),
(26, 'Валерия К.', 'Невролог, МС.', 10),
(27, 'Глеб О.', 'Ортопед, протезирование.', 14),
(28, 'Дина Ф.', 'Стоматолог, терапия.', 8),
(29, 'Егор К.', 'Кардиолог, ЭКГ.', 5),
(30, 'Жанна М.', 'Невролог, мигрени.', 9);

INSERT INTO patients (user_id, birth_date, gender, insurance_number) VALUES
(31, '1985-03-12', 1, 'INS0000000031'),
(32, '1990-07-22', 2, 'INS0000000032'),
(33, '1978-11-05', 1, 'INS0000000033'),
(34, '1992-01-18', 2, 'INS0000000034'),
(35, '1983-09-30', 1, 'INS0000000035'),
(36, '1995-04-14', 2, 'INS0000000036'),
(37, '1980-12-03', 1, 'INS0000000037'),
(38, '1988-06-25', 2, 'INS0000000038'),
(39, '1975-08-11', 1, 'INS0000000039'),
(40, '1993-02-19', 2, 'INS0000000040'),
(41, '1987-10-07', 2, 'INS0000000041'),
(42, '1981-05-28', 1, 'INS0000000042'),
(43, '1991-12-15', 2, 'INS0000000043'),
(44, '1986-03-04', 1, 'INS0000000044'),
(45, '1989-09-21', 2, 'INS0000000045'),
(46, '1984-07-13', 1, 'INS0000000046'),
(47, '1996-11-30', 2, 'INS0000000047'),
(48, '1982-01-09', 2, 'INS0000000048'),
(49, '1979-04-26', 1, 'INS0000000049'),
(50, '1994-08-17', 2, 'INS0000000050'),
(51, '1985-06-02', 2, 'INS0000000051'),
(52, '1990-10-10', 2, 'INS0000000052'),
(53, '1977-12-22', 1, 'INS0000000053'),
(54, '1983-02-14', 1, 'INS0000000054'),
(55, '1991-05-05', 2, 'INS0000000055'),
(56, '1988-09-19', 1, 'INS0000000056'),
(57, '1986-11-08', 2, 'INS0000000057'),
(58, '1980-03-27', 1, 'INS0000000058'),
(59, '1992-07-01', 2, 'INS0000000059'),
(60, '1976-01-12', 2, 'INS0000000060');

-- =============================
-- 6. Связь врачей со специализациями
-- =============================
INSERT INTO doctor_specializations (doctor_id, specialization_id) VALUES
(1, 1), (2, 2), (3, 3), (4, 4), (5, 1), (6, 2), (7, 3), (8, 4),
(9, 1), (10, 2), (11, 3), (12, 4), (13, 1), (14, 2), (15, 3), (16, 4),
(17, 1), (18, 2), (19, 3), (20, 4), (21, 1), (22, 2), (23, 3), (24, 4),
(25, 1), (26, 2), (27, 3), (28, 4), (29, 1), (30, 2);

-- =============================
-- 7. Расписание (на ближайшие дни)
-- =============================
INSERT INTO doctor_schedules (doctor_id, room_id, dateAt, start_time, end_time, slot_duration_minutes) VALUES
(1, 1, '2025-11-16', '09:00', '17:00', 30),
(2, 2, '2025-11-16', '10:00', '18:00', 30),
(3, 3, '2025-11-17', '08:00', '16:00', 30),
(4, 4, '2025-11-17', '09:30', '17:30', 30),
(5, 5, '2025-11-18', '09:00', '15:00', 30),
(6, 6, '2025-11-18', '11:00', '19:00', 30),
(7, 7, '2025-11-19', '10:00', '16:00', 30),
(8, 8, '2025-11-19', '08:30', '14:30', 30),
(9, 9, '2025-11-20', '09:00', '17:00', 30),
(10, 10, '2025-11-20', '10:00', '18:00', 30),
(11, 1, '2025-11-21', '09:00', '13:00', 30),
(12, 2, '2025-11-21', '14:00', '18:00', 30),
(13, 3, '2025-11-22', '09:00', '17:00', 30),
(14, 4, '2025-11-22', '10:00', '18:00', 30),
(15, 5, '2025-11-23', '08:00', '12:00', 30),
(16, 6, '2025-11-23', '13:00', '17:00', 30),
(17, 7, '2025-11-24', '09:00', '15:00', 30),
(18, 8, '2025-11-24', '10:00', '16:00', 30),
(19, 9, '2025-11-25', '09:30', '17:30', 30),
(20, 10, '2025-11-25', '08:00', '16:00', 30),
(21, 1, '2025-11-26', '09:00', '13:00', 30),
(22, 2, '2025-11-26', '14:00', '18:00', 30),
(23, 3, '2025-11-27', '09:00', '17:00', 30),
(24, 4, '2025-11-27', '10:00', '18:00', 30),
(25, 5, '2025-11-28', '08:00', '12:00', 30),
(26, 6, '2025-11-28', '13:00', '17:00', 30),
(27, 7, '2025-11-29', '09:00', '15:00', 30),
(28, 8, '2025-11-29', '10:00', '16:00', 30),
(29, 9, '2025-11-30', '09:30', '17:30', 30),
(30, 10, '2025-11-30', '08:00', '16:00', 30);

-- =============================
-- 9. Отзывы (по одному на приём)
-- =============================
INSERT INTO reviews (appointment_id, doctor_id, patient_id, rating, review_text) VALUES
(1, 1, 31, 5, 'Отличный кардиолог! Всё объяснил, помог.'),
(2, 2, 32, 4, 'Хороший специалист, но пришлось ждать.'),
(3, 3, 33, 5, 'Очень доволен приёмом.'),
(4, 4, 34, 5, 'Профессионал своего дела!'),
(5, 5, 35, 4, 'Всё понравилось, спасибо.'),
(6, 6, 36, 5, 'Рекомендую этого невролога.'),
(7, 7, 37, 3, 'Средний приём, можно лучше.'),
(8, 8, 38, 5, 'Идеальный стоматолог!'),
(9, 9, 39, 4, 'Компетентно и вежливо.'),
(10, 10, 40, 5, 'Спасибо за помощь!'),
(11, 11, 41, 4, 'Хорошая консультация.'),
(12, 12, 42, 5, 'Очень доволен результатом.'),
(13, 13, 43, 5, 'Профессионал с большой буквы.'),
(14, 14, 44, 4, 'Приятный доктор, всё чётко.'),
(15, 15, 45, 5, 'Лучший ортопед!'),
(16, 16, 46, 4, 'Быстро и по делу.'),
(17, 17, 47, 5, 'Отличный приём, спасибо.'),
(18, 18, 48, 5, 'Невролог — мастер!'),
(19, 19, 49, 4, 'Всё хорошо, но кабинет далеко.'),
(20, 20, 50, 5, 'Безупречно!'),
(21, 21, 51, 5, 'Спасибо за заботу.'),
(22, 22, 52, 4, 'Хорошо объясняет диагноз.'),
(23, 23, 53, 5, 'Очень доволен!'),
(24, 24, 54, 5, 'Лучший стоматолог в городе!'),
(25, 25, 55, 4, 'Профессионально и быстро.'),
(26, 26, 56, 5, 'Спасибо за помощь!'),
(27, 27, 57, 5, 'Отличный доктор!'),
(28, 28, 58, 4, 'Всё чётко и по делу.'),
(29, 29, 59, 5, 'Рекомендую!'),
(30, 30, 60, 5, 'Замечательный приём!');

-- =============================
-- 10. Электронная очередь (опционально)
-- =============================
INSERT INTO queue_entries (doctor_id, appointment_id, patient_id, position)
SELECT doctor_id, id, patient_id, id % 100 FROM appointments;

INSERT INTO appointments (
    schedule_id,
    doctor_id,
    patient_id,
    room_id,
    start_time,
    end_time,
    status,
    source,
    created_by
) VALUES
(91,  1,  31, 1,  '2025-11-16 09:00:00+03', '2025-11-16 09:30:00+03', 'completed', 'web',      61),
(92,  2,  32, 2,  '2025-11-16 10:00:00+03', '2025-11-16 10:30:00+03', 'completed', 'mobile',   61),
(93,  3,  33, 3,  '2025-11-17 08:00:00+03', '2025-11-17 08:30:00+03', 'completed', 'reception',61),
(94,  4,  34, 4,  '2025-11-17 09:30:00+03', '2025-11-17 10:00:00+03', 'completed', 'admin',    61),
(95,  5,  35, 5,  '2025-11-18 09:00:00+03', '2025-11-18 09:30:00+03', 'completed', 'web',      61),
(96,  6,  36, 6,  '2025-11-18 11:00:00+03', '2025-11-18 11:30:00+03', 'completed', 'mobile',   61),
(97,  7,  37, 7,  '2025-11-19 10:00:00+03', '2025-11-19 10:30:00+03', 'completed', 'reception',61),
(98,  8,  38, 8,  '2025-11-19 08:30:00+03', '2025-11-19 09:00:00+03', 'completed', 'admin',    61),
(99,  9,  39, 9,  '2025-11-20 09:00:00+03', '2025-11-20 09:30:00+03', 'completed', 'web',      61),
(100, 10, 40,10, '2025-11-20 10:00:00+03', '2025-11-20 10:30:00+03', 'completed', 'mobile',   61),
(101, 11, 41,1,  '2025-11-21 09:00:00+03', '2025-11-21 09:30:00+03', 'completed', 'reception',61),
(102, 12, 42,2,  '2025-11-21 14:00:00+03', '2025-11-21 14:30:00+03', 'completed', 'admin',    61),
(103, 13, 43,3,  '2025-11-22 09:00:00+03', '2025-11-22 09:30:00+03', 'completed', 'web',      61),
(104, 14, 44,4,  '2025-11-22 10:00:00+03', '2025-11-22 10:30:00+03', 'completed', 'mobile',   61),
(105, 15, 45,5,  '2025-11-23 08:00:00+03', '2025-11-23 08:30:00+03', 'completed', 'reception',61),
(106, 16, 46,6,  '2025-11-23 13:00:00+03', '2025-11-23 13:30:00+03', 'completed', 'admin',    61),
(107, 17, 47,7,  '2025-11-24 09:00:00+03', '2025-11-24 09:30:00+03', 'completed', 'web',      61),
(108, 18, 48,8,  '2025-11-24 10:00:00+03', '2025-11-24 10:30:00+03', 'completed', 'mobile',   61),
(109, 19, 49,9,  '2025-11-25 09:30:00+03', '2025-11-25 10:00:00+03', 'completed', 'reception',61),
(110, 20, 50,10, '2025-11-25 08:00:00+03', '2025-11-25 08:30:00+03', 'completed', 'admin',    61),
(111, 21, 51,1,  '2025-11-26 09:00:00+03', '2025-11-26 09:30:00+03', 'completed', 'web',      61),
(112, 22, 52,2,  '2025-11-26 14:00:00+03', '2025-11-26 14:30:00+03', 'completed', 'mobile',   61),
(113, 23, 53,3,  '2025-11-27 09:00:00+03', '2025-11-27 09:30:00+03', 'completed', 'reception',61),
(114, 24, 54,4,  '2025-11-27 10:00:00+03', '2025-11-27 10:30:00+03', 'completed', 'admin',    61),
(115, 25, 55,5,  '2025-11-28 08:00:00+03', '2025-11-28 08:30:00+03', 'completed', 'web',      61),
(116, 26, 56,6,  '2025-11-28 13:00:00+03', '2025-11-28 13:30:00+03', 'completed', 'mobile',   61),
(117, 27, 57,7,  '2025-11-29 09:00:00+03', '2025-11-29 09:30:00+03', 'completed', 'reception',61),
(118, 28, 58,8,  '2025-11-29 10:00:00+03', '2025-11-29 10:30:00+03', 'completed', 'admin',    61),
(119, 29, 59,9,  '2025-11-30 09:30:00+03', '2025-11-30 10:00:00+03', 'completed', 'web',      61),
(120, 30, 60,10, '2025-11-30 08:00:00+03', '2025-11-30 08:30:00+03', 'completed', 'mobile',   61);















