-- ============================================================
-- Демо-данные для схемы NEW.txt (сгенерировано generate-seed-demo.mjs)
-- Загрузка: psql -U clinic_user -d clinic_db -f infra/migrations/seed_demo.sql
-- Пароль всех пользователей: тот, для которого сгенерирован DEMO_PASSWORD_HASH
-- ============================================================

BEGIN;

TRUNCATE TABLE
  reviews, appointments, doctor_schedules, specialization_services,
  doctor_specializations, doctors, patients, users, diagnoses, services,
  rooms, specializations, roles
RESTART IDENTITY CASCADE;

-- 1. Роли
INSERT INTO roles (id, code, name) VALUES
  (1, 'patient', 'Пациент'),
  (2, 'doctor', 'Врач'),
  (3, 'admin', 'Администратор');
SELECT setval('roles_id_seq', (SELECT MAX(id) FROM roles));

-- 2. Пользователи
INSERT INTO users (id, email, phone, password_hash, first_name, last_name, middle_name, role_id, is_active) VALUES
(1, 'doctor1@clinic.local', '+799641753630', '$2a$12$fCLZhQ67hHzppGqVg74jUuEKEW0wrhbsuNMWhVd/idr8kTW0toTK.', 'Анна', 'Иванова', 'Сергеевна', 2, true),
(2, 'doctor2@clinic.local', '+799641753631', '$2a$12$fCLZhQ67hHzppGqVg74jUuEKEW0wrhbsuNMWhVd/idr8kTW0toTK.', 'Борис', 'Петров', 'Алексеевич', 2, true),
(3, 'doctor3@clinic.local', '+799641753632', '$2a$12$fCLZhQ67hHzppGqVg74jUuEKEW0wrhbsuNMWhVd/idr8kTW0toTK.', 'Вера', 'Смирнова', 'Ивановна', 2, true),
(4, 'doctor4@clinic.local', '+799641753633', '$2a$12$fCLZhQ67hHzppGqVg74jUuEKEW0wrhbsuNMWhVd/idr8kTW0toTK.', 'Григорий', 'Козлов', NULL, 2, true),
(5, 'doctor5@clinic.local', '+799641753634', '$2a$12$fCLZhQ67hHzppGqVg74jUuEKEW0wrhbsuNMWhVd/idr8kTW0toTK.', 'Дарья', 'Новикова', 'Павловна', 2, true),
(6, 'doctor6@clinic.local', '+799641753635', '$2a$12$fCLZhQ67hHzppGqVg74jUuEKEW0wrhbsuNMWhVd/idr8kTW0toTK.', 'Евгений', 'Морозов', 'Сергеевич', 2, true),
(7, 'doctor7@clinic.local', '+799641753636', '$2a$12$fCLZhQ67hHzppGqVg74jUuEKEW0wrhbsuNMWhVd/idr8kTW0toTK.', 'Жанна', 'Волкова', 'Андреевна', 2, true),
(8, 'doctor8@clinic.local', '+799641753637', '$2a$12$fCLZhQ67hHzppGqVg74jUuEKEW0wrhbsuNMWhVd/idr8kTW0toTK.', 'Захар', 'Лебедев', NULL, 2, true),
(9, 'doctor9@clinic.local', '+799641753638', '$2a$12$fCLZhQ67hHzppGqVg74jUuEKEW0wrhbsuNMWhVd/idr8kTW0toTK.', 'Ирина', 'Кузнецова', 'Викторовна', 2, true),
(10, 'doctor10@clinic.local', '+799641753639', '$2a$12$fCLZhQ67hHzppGqVg74jUuEKEW0wrhbsuNMWhVd/idr8kTW0toTK.', 'Константин', 'Попов', 'Дмитриевич', 2, true),
(11, 'doctor11@clinic.local', '+799641753640', '$2a$12$fCLZhQ67hHzppGqVg74jUuEKEW0wrhbsuNMWhVd/idr8kTW0toTK.', 'Людмила', 'Соколова', 'Сергеевна', 2, true),
(12, 'doctor12@clinic.local', '+799641753641', '$2a$12$fCLZhQ67hHzppGqVg74jUuEKEW0wrhbsuNMWhVd/idr8kTW0toTK.', 'Максим', 'Егоров', 'Андреевич', 2, true),
(13, 'doctor13@clinic.local', '+799641753642', '$2a$12$fCLZhQ67hHzppGqVg74jUuEKEW0wrhbsuNMWhVd/idr8kTW0toTK.', 'Наталья', 'Фёдорова', 'Владимировна', 2, true),
(14, 'doctor14@clinic.local', '+799641753643', '$2a$12$fCLZhQ67hHzppGqVg74jUuEKEW0wrhbsuNMWhVd/idr8kTW0toTK.', 'Олег', 'Семёнов', 'Игоревич', 2, true),
(15, 'doctor15@clinic.local', '+799641753644', '$2a$12$fCLZhQ67hHzppGqVg74jUuEKEW0wrhbsuNMWhVd/idr8kTW0toTK.', 'Полина', 'Андреева', 'Сергеевна', 2, true),
(16, 'doctor16@clinic.local', '+799641753645', '$2a$12$fCLZhQ67hHzppGqVg74jUuEKEW0wrhbsuNMWhVd/idr8kTW0toTK.', 'Роман', 'Макаров', 'Владимирович', 2, true),
(17, 'doctor17@clinic.local', '+799641753646', '$2a$12$fCLZhQ67hHzppGqVg74jUuEKEW0wrhbsuNMWhVd/idr8kTW0toTK.', 'Светлана', 'Николаева', 'Павловна', 2, true),
(18, 'doctor18@clinic.local', '+799641753647', '$2a$12$fCLZhQ67hHzppGqVg74jUuEKEW0wrhbsuNMWhVd/idr8kTW0toTK.', 'Тимур', 'Григорьев', 'Андреевич', 2, true),
(19, 'doctor19@clinic.local', '+799641753648', '$2a$12$fCLZhQ67hHzppGqVg74jUuEKEW0wrhbsuNMWhVd/idr8kTW0toTK.', 'Ульяна', 'Щербакова', 'Сергеевна', 2, true),
(20, 'doctor20@clinic.local', '+799641753649', '$2a$12$fCLZhQ67hHzppGqVg74jUuEKEW0wrhbsuNMWhVd/idr8kTW0toTK.', 'Фёдор', 'Дмитриев', 'Викторович', 2, true),
(21, 'doctor21@clinic.local', '+799641753650', '$2a$12$fCLZhQ67hHzppGqVg74jUuEKEW0wrhbsuNMWhVd/idr8kTW0toTK.', 'Эльвира', 'Ковалёва', 'Андреевна', 2, true),
(22, 'doctor22@clinic.local', '+799641753651', '$2a$12$fCLZhQ67hHzppGqVg74jUuEKEW0wrhbsuNMWhVd/idr8kTW0toTK.', 'Юрий', 'Алексеев', 'Сергеевич', 2, true),
(23, 'doctor23@clinic.local', '+799641753652', '$2a$12$fCLZhQ67hHzppGqVg74jUuEKEW0wrhbsuNMWhVd/idr8kTW0toTK.', 'Ярослав', 'Михайлов', 'Владимирович', 2, true),
(24, 'doctor24@clinic.local', '+799641753653', '$2a$12$fCLZhQ67hHzppGqVg74jUuEKEW0wrhbsuNMWhVd/idr8kTW0toTK.', 'Алина', 'Белова', 'Павловна', 2, true),
(25, 'doctor25@clinic.local', '+799641753654', '$2a$12$fCLZhQ67hHzppGqVg74jUuEKEW0wrhbsuNMWhVd/idr8kTW0toTK.', 'Богдан', 'Титов', NULL, 2, true),
(26, 'doctor26@clinic.local', '+799641753655', '$2a$12$fCLZhQ67hHzppGqVg74jUuEKEW0wrhbsuNMWhVd/idr8kTW0toTK.', 'Валерия', 'Калинина', 'Сергеевна', 2, true),
(27, 'doctor27@clinic.local', '+799641753656', '$2a$12$fCLZhQ67hHzppGqVg74jUuEKEW0wrhbsuNMWhVd/idr8kTW0toTK.', 'Глеб', 'Орлов', 'Андреевич', 2, true),
(28, 'doctor28@clinic.local', '+799641753657', '$2a$12$fCLZhQ67hHzppGqVg74jUuEKEW0wrhbsuNMWhVd/idr8kTW0toTK.', 'Дина', 'Фролова', 'Владимировна', 2, true),
(29, 'doctor29@clinic.local', '+799641753658', '$2a$12$fCLZhQ67hHzppGqVg74jUuEKEW0wrhbsuNMWhVd/idr8kTW0toTK.', 'Егор', 'Комаров', 'Сергеевич', 2, true),
(30, 'doctor30@clinic.local', '+799641753659', '$2a$12$fCLZhQ67hHzppGqVg74jUuEKEW0wrhbsuNMWhVd/idr8kTW0toTK.', 'Жанна', 'Медведева', 'Андреевна', 2, true),
(31, 'doctor31@clinic.local', '+799641753660', '$2a$12$fCLZhQ67hHzppGqVg74jUuEKEW0wrhbsuNMWhVd/idr8kTW0toTK.', 'Артём', 'Виноградов', 'Олегович', 2, true),
(32, 'doctor32@clinic.local', '+799641753661', '$2a$12$fCLZhQ67hHzppGqVg74jUuEKEW0wrhbsuNMWhVd/idr8kTW0toTK.', 'Виктория', 'Павлова', 'Николаевна', 2, true),
(33, 'doctor33@clinic.local', '+799641753662', '$2a$12$fCLZhQ67hHzppGqVg74jUuEKEW0wrhbsuNMWhVd/idr8kTW0toTK.', 'Денис', 'Степанов', NULL, 2, true),
(34, 'doctor34@clinic.local', '+799641753663', '$2a$12$fCLZhQ67hHzppGqVg74jUuEKEW0wrhbsuNMWhVd/idr8kTW0toTK.', 'Екатерина', 'Романова', 'Игоревна', 2, true),
(35, 'doctor35@clinic.local', '+799641753664', '$2a$12$fCLZhQ67hHzppGqVg74jUuEKEW0wrhbsuNMWhVd/idr8kTW0toTK.', 'Илья', 'Захаров', 'Петрович', 2, true),
(36, 'patient1@clinic.local', '+799764175360', '$2a$12$fCLZhQ67hHzppGqVg74jUuEKEW0wrhbsuNMWhVd/idr8kTW0toTK.', 'Алексей', 'Сидоров', 'Иванович', 1, true),
(37, 'patient2@clinic.local', '+799764175361', '$2a$12$fCLZhQ67hHzppGqVg74jUuEKEW0wrhbsuNMWhVd/idr8kTW0toTK.', 'Белла', 'Кузнецова', 'Сергеевна', 1, true),
(38, 'patient3@clinic.local', '+799764175362', '$2a$12$fCLZhQ67hHzppGqVg74jUuEKEW0wrhbsuNMWhVd/idr8kTW0toTK.', 'Виктор', 'Зайцев', NULL, 1, true),
(39, 'patient4@clinic.local', '+799764175363', '$2a$12$fCLZhQ67hHzppGqVg74jUuEKEW0wrhbsuNMWhVd/idr8kTW0toTK.', 'Галина', 'Белова', 'Павловна', 1, true),
(40, 'patient5@clinic.local', '+799764175364', '$2a$12$fCLZhQ67hHzppGqVg74jUuEKEW0wrhbsuNMWhVd/idr8kTW0toTK.', 'Дмитрий', 'Морозов', 'Владимирович', 1, true),
(41, 'patient6@clinic.local', '+799764175365', '$2a$12$fCLZhQ67hHzppGqVg74jUuEKEW0wrhbsuNMWhVd/idr8kTW0toTK.', 'Екатерина', 'Лебедева', NULL, 1, true),
(42, 'patient7@clinic.local', '+799764175366', '$2a$12$fCLZhQ67hHzppGqVg74jUuEKEW0wrhbsuNMWhVd/idr8kTW0toTK.', 'Артём', 'Соколов', 'Игоревич', 1, true),
(43, 'patient8@clinic.local', '+799764175367', '$2a$12$fCLZhQ67hHzppGqVg74jUuEKEW0wrhbsuNMWhVd/idr8kTW0toTK.', 'Ирина', 'Новикова', 'Викторовна', 1, true),
(44, 'patient9@clinic.local', '+799764175368', '$2a$12$fCLZhQ67hHzppGqVg74jUuEKEW0wrhbsuNMWhVd/idr8kTW0toTK.', 'Кирилл', 'Попов', 'Андреевич', 1, true),
(45, 'patient10@clinic.local', '+799764175369', '$2a$12$fCLZhQ67hHzppGqVg74jUuEKEW0wrhbsuNMWhVd/idr8kTW0toTK.', 'Любовь', 'Фёдорова', NULL, 1, true),
(46, 'patient11@clinic.local', '+799764175370', '$2a$12$fCLZhQ67hHzppGqVg74jUuEKEW0wrhbsuNMWhVd/idr8kTW0toTK.', 'Мария', 'Григорьева', 'Павловна', 1, true),
(47, 'patient12@clinic.local', '+799764175371', '$2a$12$fCLZhQ67hHzppGqVg74jUuEKEW0wrhbsuNMWhVd/idr8kTW0toTK.', 'Никита', 'Андреев', 'Владимирович', 1, true),
(48, 'patient13@clinic.local', '+799764175372', '$2a$12$fCLZhQ67hHzppGqVg74jUuEKEW0wrhbsuNMWhVd/idr8kTW0toTK.', 'Ольга', 'Макарова', 'Сергеевна', 1, true),
(49, 'patient14@clinic.local', '+799764175373', '$2a$12$fCLZhQ67hHzppGqVg74jUuEKEW0wrhbsuNMWhVd/idr8kTW0toTK.', 'Павел', 'Ковалёв', NULL, 1, true),
(50, 'patient15@clinic.local', '+799764175374', '$2a$12$fCLZhQ67hHzppGqVg74jUuEKEW0wrhbsuNMWhVd/idr8kTW0toTK.', 'Раиса', 'Щербакова', 'Викторовна', 1, true),
(51, 'patient16@clinic.local', '+799764175375', '$2a$12$fCLZhQ67hHzppGqVg74jUuEKEW0wrhbsuNMWhVd/idr8kTW0toTK.', 'Сергей', 'Дмитриев', 'Сергеевич', 1, true),
(52, 'patient17@clinic.local', '+799764175376', '$2a$12$fCLZhQ67hHzppGqVg74jUuEKEW0wrhbsuNMWhVd/idr8kTW0toTK.', 'Татьяна', 'Алексеева', 'Павловна', 1, true),
(53, 'patient18@clinic.local', '+799764175377', '$2a$12$fCLZhQ67hHzppGqVg74jUuEKEW0wrhbsuNMWhVd/idr8kTW0toTK.', 'Ульяна', 'Михайлова', NULL, 1, true),
(54, 'patient19@clinic.local', '+799764175378', '$2a$12$fCLZhQ67hHzppGqVg74jUuEKEW0wrhbsuNMWhVd/idr8kTW0toTK.', 'Филипп', 'Белов', 'Андреевич', 1, true),
(55, 'patient20@clinic.local', '+799764175379', '$2a$12$fCLZhQ67hHzppGqVg74jUuEKEW0wrhbsuNMWhVd/idr8kTW0toTK.', 'Эльвира', 'Титова', 'Сергеевна', 1, true),
(56, 'patient21@clinic.local', '+799764175380', '$2a$12$fCLZhQ67hHzppGqVg74jUuEKEW0wrhbsuNMWhVd/idr8kTW0toTK.', 'Юлия', 'Калинина', 'Владимировна', 1, true),
(57, 'patient22@clinic.local', '+799764175381', '$2a$12$fCLZhQ67hHzppGqVg74jUuEKEW0wrhbsuNMWhVd/idr8kTW0toTK.', 'Ярослава', 'Орлова', NULL, 1, true),
(58, 'patient23@clinic.local', '+799764175382', '$2a$12$fCLZhQ67hHzppGqVg74jUuEKEW0wrhbsuNMWhVd/idr8kTW0toTK.', 'Антон', 'Фролов', 'Андреевич', 1, true),
(59, 'patient24@clinic.local', '+799764175383', '$2a$12$fCLZhQ67hHzppGqVg74jUuEKEW0wrhbsuNMWhVd/idr8kTW0toTK.', 'Борис', 'Комаров', 'Викторович', 1, true),
(60, 'patient25@clinic.local', '+799764175384', '$2a$12$fCLZhQ67hHzppGqVg74jUuEKEW0wrhbsuNMWhVd/idr8kTW0toTK.', 'Вера', 'Медведева', 'Павловна', 1, true),
(61, 'patient26@clinic.local', '+799764175385', '$2a$12$fCLZhQ67hHzppGqVg74jUuEKEW0wrhbsuNMWhVd/idr8kTW0toTK.', 'Глеб', 'Смирнов', NULL, 1, true),
(62, 'patient27@clinic.local', '+799764175386', '$2a$12$fCLZhQ67hHzppGqVg74jUuEKEW0wrhbsuNMWhVd/idr8kTW0toTK.', 'Дарья', 'Иванова', 'Андреевна', 1, true),
(63, 'patient28@clinic.local', '+799764175387', '$2a$12$fCLZhQ67hHzppGqVg74jUuEKEW0wrhbsuNMWhVd/idr8kTW0toTK.', 'Евгений', 'Петров', 'Владимирович', 1, true),
(64, 'patient29@clinic.local', '+799764175388', '$2a$12$fCLZhQ67hHzppGqVg74jUuEKEW0wrhbsuNMWhVd/idr8kTW0toTK.', 'Жанна', 'Козлова', 'Сергеевна', 1, true),
(65, 'patient30@clinic.local', '+799764175389', '$2a$12$fCLZhQ67hHzppGqVg74jUuEKEW0wrhbsuNMWhVd/idr8kTW0toTK.', 'Зоя', 'Новиков', NULL, 1, true),
(66, 'patient31@clinic.local', '+799764175390', '$2a$12$fCLZhQ67hHzppGqVg74jUuEKEW0wrhbsuNMWhVd/idr8kTW0toTK.', 'Игорь', 'Волков', 'Сергеевич', 1, true),
(67, 'patient32@clinic.local', '+799764175391', '$2a$12$fCLZhQ67hHzppGqVg74jUuEKEW0wrhbsuNMWhVd/idr8kTW0toTK.', 'Ксения', 'Егорова', 'Дмитриевна', 1, true),
(68, 'patient33@clinic.local', '+799764175392', '$2a$12$fCLZhQ67hHzppGqVg74jUuEKEW0wrhbsuNMWhVd/idr8kTW0toTK.', 'Леонид', 'Семёнов', 'Игоревич', 1, true),
(69, 'patient34@clinic.local', '+799764175393', '$2a$12$fCLZhQ67hHzppGqVg74jUuEKEW0wrhbsuNMWhVd/idr8kTW0toTK.', 'Милана', 'Романова', NULL, 1, true),
(70, 'patient35@clinic.local', '+799764175394', '$2a$12$fCLZhQ67hHzppGqVg74jUuEKEW0wrhbsuNMWhVd/idr8kTW0toTK.', 'Николай', 'Захаров', 'Петрович', 1, true),
(71, 'admin@clinic.local', '+799600000001', '$2a$12$fCLZhQ67hHzppGqVg74jUuEKEW0wrhbsuNMWhVd/idr8kTW0toTK.', 'Админ', 'Системный', 'Админович', 3, true);
SELECT setval('users_id_seq', (SELECT MAX(id) FROM users));

-- 3. Специализации
INSERT INTO specializations (id, code, name, description) VALUES
(1, 'therapy', 'Терапия', 'Диагностика и лечение внутренних болезней взрослых'),
(2, 'cardiology', 'Кардиология', 'Заболевания сердечно-сосудистой системы'),
(3, 'pediatrics', 'Педиатрия', 'Медицинская помощь детям и подросткам'),
(4, 'dentistry', 'Стоматология', 'Заболевания зубов, дёсен и полости рта'),
(5, 'surgery', 'Хирургия', 'Оперативное и малоинвазивное лечение'),
(6, 'neurology', 'Неврология', 'Заболевания нервной системы'),
(7, 'dermatology', 'Дерматология', 'Кожные и венерические заболевания'),
(8, 'ent', 'Оториноларингология', 'Болезни уха, горла и носа'),
(9, 'ophthalmology', 'Офтальмология', 'Заболевания глаз и зрения'),
(10, 'endocrinology', 'Эндокринология', 'Нарушения обмена веществ и гормональной системы'),
(11, 'gastroenterology', 'Гастроэнтерология', 'Болезни пищеварительного тракта'),
(12, 'pulmonology', 'Пульмонология', 'Заболевания органов дыхания'),
(13, 'rheumatology', 'Ревматология', 'Системные заболевания соединительной ткани и суставов'),
(14, 'nephrology', 'Нефрология', 'Болезни почек и мочевыводящих путей'),
(15, 'urology', 'Урология', 'Заболевания мочеполовой системы у мужчин'),
(16, 'gynecology', 'Гинекология', 'Здоровье женской репродуктивной системы'),
(17, 'obstetrics', 'Акушерство', 'Ведение беременности и родов'),
(18, 'psychiatry', 'Психиатрия', 'Психические расстройства и их лечение'),
(19, 'psychotherapy', 'Психотерапия', 'Психологическая коррекция и консультирование'),
(20, 'allergology', 'Аллергология и иммунология', 'Аллергические реакции и иммунные нарушения'),
(21, 'infectious', 'Инфекционные болезни', 'Диагностика и лечение инфекций'),
(22, 'oncology', 'Онкология', 'Диагностика и сопровождение при опухолях'),
(23, 'traumatology', 'Травматология и ортопедия', 'Повреждения костей, суставов и мягких тканей'),
(24, 'physiotherapy', 'Физиотерапия', 'Восстановительное лечение физическими методами'),
(25, 'ultrasound_dx', 'Ультразвуковая диагностика', 'УЗИ-исследования органов и сосудов'),
(26, 'functional_dx', 'Функциональная диагностика', 'ЭКГ, Холтер, ЭхоКГ и др.'),
(27, 'family_medicine', 'Семейная медицина', 'Первичная медико-санитарная помощь семье'),
(28, 'proctology', 'Проктология', 'Заболевания прямой кишки и заднего прохода'),
(29, 'mammology', 'Маммология', 'Диагностика и лечение заболеваний молочных желёз'),
(30, 'anesthesiology', 'Анестезиология и реаниматология', 'Обезболивание и интенсивная терапия'),
(31, 'vascular_surgery', 'Сосудистая хирургия', 'Заболевания артерий и вен'),
(32, 'plastic_surgery', 'Пластическая хирургия', 'Реконструктивные и эстетические операции'),
(33, 'hematology', 'Гематология', 'Заболевания крови и системы кроветворения'),
(34, 'dietology', 'Диетология', 'Коррекция питания и массы тела'),
(35, 'narcology', 'Наркология', 'Лечение зависимостей'),
(36, 'sports_medicine', 'Спортивная медицина', 'Медицинское сопровождение спортсменов'),
(37, 'neonatology', 'Неонатология', 'Уход за новорождёнными'),
(38, 'phthisiology', 'Фтизиатрия', 'Туберкулёз и заболевания лёгких'),
(39, 'medical_genetics', 'Медицинская генетика', 'Наследственные заболевания'),
(40, 'surdology', 'Сурдология', 'Нарушения слуха и равновесия');
SELECT setval('specializations_id_seq', (SELECT MAX(id) FROM specializations));

-- 4. Кабинеты (code = feature id из map_geojson.json)
INSERT INTO rooms (id, code, name) VALUES
(1, '90e0e80cfbc20cfccde4dc30cf6d3ebe', 'Кабинет №201 — терапия'),
(2, 'ef45208432bae66cf198d28dcbdc4c17', 'Кабинет №202 — кардиология'),
(3, 'f1e16d3699dc48db256161c782256a45', 'Кабинет №203 — педиатрия'),
(4, '07115d1938baa21f33de3c2a5f15d25d', 'Кабинет №204 — стоматология'),
(5, '07ee01369b1ac5619ead39dcec765fa0', 'Кабинет №205 — ЛОР'),
(6, 'db74c1f16dbcc47879fba9ba9f9a7dfc', 'Кабинет №206 — неврология'),
(7, 'caa2bbca1a57498c53b80e875361f6f1', 'Кабинет №207 — процедурный'),
(8, 'd4c236729f656062a93b25449f47a72f', 'Кабинет №208 — УЗИ'),
(9, '35b4dfaca374eb88aefb2244a8edc4b3', 'Кабинет №209 — функциональная диагностика'),
(10, 'a61510231f72545f41ab6bd30acb597a', 'Кабинет №210 — хирургия'),
(11, '61a388d87d15868d1f93e04523f413ff', 'Кабинет №211 — гинекология');
SELECT setval('rooms_id_seq', (SELECT MAX(id) FROM rooms));

-- 5. Услуги
INSERT INTO services (id, name, code, price, duration_minutes, description) VALUES
(1, 'Первичная консультация терапевта', 'SVC-THERAPY-1', 2500.00, 30, 'Осмотр, сбор анамнеза, назначения'),
(2, 'Повторный приём терапевта', 'SVC-THERAPY-2', 1850.00, 20, 'Контроль лечения, коррекция терапии'),
(3, 'ЭКГ в покое', 'SVC-THERAPY-3', 1300.00, 20, 'Снятие и интерпретация электрокардиограммы'),
(4, 'Суточное мониторирование АД', 'SVC-THERAPY-4', 2500.00, 30, 'СМАД с выдачей заключения'),
(5, 'Общий анализ крови', 'SVC-THERAPY-5', 650.00, 15, 'Забор крови, результат в день обращения'),
(6, 'Биохимический анализ крови (расширенный)', 'SVC-THERAPY-6', 2000.00, 15, 'Печёночные пробы, липиды, глюкоза'),
(7, 'Общий анализ мочи', 'SVC-THERAPY-7', 525.00, 15, 'Лабораторное исследование'),
(8, 'Коагулограмма', 'SVC-THERAPY-8', 1000.00, 15, 'Свёртываемость крови'),
(9, 'Консультация кардиолога', 'SVC-CARDIOLOGY-9', 3350.00, 40, 'Оценка сердечно-сосудистого риска'),
(10, 'ЭхоКГ', 'SVC-CARDIOLOGY-10', 4000.00, 45, 'Ультразвуковое исследование сердца'),
(11, 'УЗИ сосудов шеи (дуплексное сканирование)', 'SVC-CARDIOLOGY-11', 3200.00, 35, 'Брахиоцефальные артерии'),
(12, 'Консультация педиатра', 'SVC-PEDIATRICS-12', 2400.00, 30, 'Приём ребёнка, рекомендации родителям'),
(13, 'Профилактический осмотр ребёнка', 'SVC-PEDIATRICS-13', 2100.00, 25, 'Осмотр по возрасту, прививочный статус'),
(14, 'Приём стоматолога-терапевта', 'SVC-DENTISTRY-14', 1850.00, 30, 'Осмотр полости рта, план лечения'),
(15, 'Профессиональная гигиена полости рта', 'SVC-DENTISTRY-15', 5500.00, 60, 'Удаление зубного камня и налёта, полировка'),
(16, 'Лечение кариеса одного зуба', 'SVC-DENTISTRY-16', 4250.00, 45, 'Пломбирование с анестезией'),
(17, 'Рентгенография грудной клетки', 'SVC-SURGERY-17', 1350.00, 20, 'Одна проекция'),
(18, 'КТ органов грудной клетки', 'SVC-SURGERY-18', 8250.00, 45, 'С контрастированием по показаниям'),
(19, 'Консультация хирурга', 'SVC-SURGERY-19', 3100.00, 35, 'Предоперационная оценка, показания к операции'),
(20, 'Перевязка послеоперационной раны', 'SVC-SURGERY-20', 1300.00, 20, 'Обработка и перевязка в амбулаторных условиях'),
(21, 'Консультация невролога', 'SVC-NEUROLOGY-21', 3100.00, 40, 'Неврологический статус, рекомендации'),
(22, 'ЭЭГ', 'SVC-NEUROLOGY-22', 3500.00, 60, 'Электроэнцефалография'),
(23, 'Массаж лечебный (сеанс)', 'SVC-NEUROLOGY-23', 1850.00, 30, '30 минут по назначению врача'),
(24, 'Консультация дерматолога', 'SVC-DERMATOLOGY-24', 2600.00, 30, 'Осмотр кожи, диагностика дерматозов'),
(25, 'Удаление доброкачественного новообразования кожи', 'SVC-DERMATOLOGY-25', 5000.00, 30, 'Малоинвазивное удаление с гистологией'),
(26, 'Приём ЛОР-врача', 'SVC-ENT-26', 2400.00, 30, 'Осмотр уха, горла, носа'),
(27, 'Промывание носа методом кукушка', 'SVC-ENT-27', 1150.00, 20, 'Процедура с антисептиком'),
(28, 'Консультация офтальмолога', 'SVC-OPHTHALMOLOGY-28', 2800.00, 35, 'Проверка остроты зрения, осмотр глазного дна'),
(29, 'Подбор контактных линз', 'SVC-OPHTHALMOLOGY-29', 2250.00, 45, 'Подбор и обучение'),
(30, 'Консультация эндокринолога', 'SVC-ENDOCRINOLOGY-30', 3350.00, 40, 'Оценка углеводного и липидного обмена'),
(31, 'УЗИ щитовидной железы', 'SVC-ENDOCRINOLOGY-31', 1700.00, 25, 'Ультразвуковое исследование'),
(32, 'Консультация гастроэнтеролога', 'SVC-GASTROENTEROLOGY-32', 3150.00, 40, 'ЖКТ, назначение обследований'),
(33, 'УЗИ брюшной полости', 'SVC-GASTROENTEROLOGY-33', 2100.00, 30, 'Печень, желчный пузырь, поджелудочная'),
(34, 'Ректороманоскопия', 'SVC-GASTROENTEROLOGY-34', 3350.00, 25, 'Эндоскопическое исследование прямой кишки'),
(35, 'Консультация пульмонолога', 'SVC-PULMONOLOGY-35', 2850.00, 35, 'Дыхательная система, спирометрия по показаниям'),
(36, 'Спирометрия', 'SVC-PULMONOLOGY-36', 1350.00, 30, 'Исследование функции внешнего дыхания'),
(37, 'Консультация ревматолога', 'SVC-RHEUMATOLOGY-37', 3550.00, 40, 'Суставы, соединительная ткань'),
(38, 'Пункция сустава', 'SVC-RHEUMATOLOGY-38', 3250.00, 30, 'Манипуляция под местной анестезией'),
(39, 'Консультация нефролога', 'SVC-NEPHROLOGY-39', 3350.00, 40, 'Функция почек, артериальное давление'),
(40, 'УЗИ почек и мочевого пузыря', 'SVC-NEPHROLOGY-40', 1850.00, 25, 'Ультразвуковое исследование'),
(41, 'Консультация уролога', 'SVC-UROLOGY-41', 2800.00, 30, 'Мочеполовая система'),
(42, 'УЗИ малого таза', 'SVC-UROLOGY-42', 2000.00, 25, 'Трансабдоминально или трансвагинально'),
(43, 'Консультация гинеколога', 'SVC-GYNECOLOGY-43', 2900.00, 30, 'Гинекологический осмотр'),
(44, 'Кольпоскопия', 'SVC-GYNECOLOGY-44', 2350.00, 25, 'Исследование шейки матки'),
(45, 'Ведение беременности (один визит)', 'SVC-GYNECOLOGY-45', 3250.00, 40, 'Осмотр, УЗИ по показаниям'),
(46, 'Консультация психотерапевта', 'SVC-PSYCHIATRY-46', 4250.00, 50, 'Психологическая беседа 50 минут'),
(47, 'Первичная консультация психиатра', 'SVC-PSYCHIATRY-47', 3600.00, 45, 'Осмотр, сбор анамнеза, план ведения'),
(48, 'Повторный приём психиатра', 'SVC-PSYCHIATRY-48', 2900.00, 30, 'Контроль терапии, коррекция схемы лечения'),
(49, 'Подбор и коррекция антидепрессантной терапии', 'SVC-PSYCHIATRY-49', 4000.00, 40, 'Психофармакотерапия по показаниям, мониторинг переносимости'),
(50, 'Кризисная психиатрическая консультация', 'SVC-PSYCHIATRY-50', 5000.00, 60, 'Оценка острого состояния, рекомендации по тактике'),
(51, 'Консультация аллерголога', 'SVC-ALLERGOLOGY-51', 3100.00, 40, 'Аллергологический статус, план обследования'),
(52, 'Кожные пробы на аллергены', 'SVC-ALLERGOLOGY-52', 4150.00, 45, 'Скарификационное тестирование'),
(53, 'Консультация инфекциониста', 'SVC-INFECTIOUS-53', 2850.00, 35, 'Инфекции, вакцинация'),
(54, 'Консультация онколога', 'SVC-ONCOLOGY-54', 4000.00, 45, 'Оценка риска, направление на обследование'),
(55, 'Консультация маммолога', 'SVC-ONCOLOGY-55', 3150.00, 35, 'Осмотр молочных желёз, интерпретация обследований'),
(56, 'Консультация травматолога-ортопеда', 'SVC-TRAUMATOLOGY-56', 2600.00, 30, 'Осмотр опорно-двигательного аппарата'),
(57, 'Физиотерапия (сеанс)', 'SVC-PHYSIOTHERAPY-57', 850.00, 20, 'Электрофорез или УВЧ по назначению'),
(58, 'УЗИ вен нижних конечностей', 'SVC-ULTRASOUND_DX-58', 2900.00, 40, 'Оценка венозного оттока, варикозная болезнь'),
(59, 'УЗИ молочных желёз', 'SVC-ULTRASOUND_DX-59', 2300.00, 30, 'Ультразвуковое исследование'),
(60, 'Суточное мониторирование ЭКГ (Холтер)', 'SVC-FUNCTIONAL_DX-60', 3650.00, 30, 'Запись ритма сердца в течение суток'),
(61, 'Консультация проктолога', 'SVC-PROCTOLOGY-61', 2850.00, 30, 'Осмотр, ректальное исследование по показаниям'),
(62, 'Консультация анестезиолога', 'SVC-ANESTHESIOLOGY-62', 3000.00, 30, 'Оценка рисков анестезии, подготовка к вмешательству'),
(63, 'Консультация сосудистого хирурга', 'SVC-VASCULAR_SURGERY-63', 3550.00, 40, 'Обследование вен и артерий, план лечения'),
(64, 'Консультация пластического хирурга', 'SVC-PLASTIC_SURGERY-64', 5750.00, 45, 'Осмотр, обсуждение объёма и рисков вмешательства'),
(65, 'Консультация гематолога', 'SVC-HEMATOLOGY-65', 3550.00, 40, 'Анализ показателей крови, план дообследования'),
(66, 'Консультация (Диетология)', 'SVC-DIETOLOGY-66', 2500.00, 30, 'Первичный приём врача специальности «Диетология»'),
(67, 'Консультация (Наркология)', 'SVC-NARCOLOGY-67', 2500.00, 30, 'Первичный приём врача специальности «Наркология»'),
(68, 'Консультация (Спортивная медицина)', 'SVC-SPORTS_MEDICINE-68', 2500.00, 30, 'Первичный приём врача специальности «Спортивная медицина»'),
(69, 'Консультация (Неонатология)', 'SVC-NEONATOLOGY-69', 2500.00, 30, 'Первичный приём врача специальности «Неонатология»'),
(70, 'Консультация (Фтизиатрия)', 'SVC-PHTHISIOLOGY-70', 2500.00, 30, 'Первичный приём врача специальности «Фтизиатрия»'),
(71, 'Консультация (Медицинская генетика)', 'SVC-MEDICAL_GENETICS-71', 2500.00, 30, 'Первичный приём врача специальности «Медицинская генетика»'),
(72, 'Консультация (Сурдология)', 'SVC-SURDOLOGY-72', 2500.00, 30, 'Первичный приём врача специальности «Сурдология»');
SELECT setval('services_id_seq', (SELECT MAX(id) FROM services));

-- 6. Диагнозы (category = специализация)
INSERT INTO diagnoses (id, code, name, category) VALUES
(1, 'J06.9', 'Острая инфекция верхних дыхательных путей неуточнённая', 'Терапия'),
(2, 'J00', 'Острый назофарингит [насморк]', 'Терапия'),
(3, 'R50.9', 'Лихорадка неуточнённая', 'Терапия'),
(4, 'R51', 'Головная боль', 'Терапия'),
(5, 'R53', 'Недомогание и утомляемость', 'Терапия'),
(6, 'R06.0', 'Одышка', 'Терапия'),
(7, 'R10.4', 'Другие и неуточнённые боли в животе', 'Терапия'),
(8, 'R42', 'Головокружение и нарушение устойчивости', 'Терапия'),
(9, 'R05', 'Кашель', 'Терапия'),
(10, 'R11', 'Тошнота и рвота', 'Терапия'),
(11, 'E66.9', 'Ожирение неуточнённое', 'Терапия'),
(12, 'E78.5', 'Гиперлипидемия неуточнённая', 'Терапия'),
(13, 'D50.9', 'Железодефицитная анемия неуточнённая', 'Терапия'),
(14, 'E11.9', 'Сахарный диабет 2 типа без осложнений', 'Терапия'),
(15, 'E03.9', 'Гипотиреоз неуточнённый', 'Терапия'),
(16, 'I10', 'Эссенциальная (первичная) гипертензия', 'Терапия'),
(17, 'K21.9', 'ГЭРБ без эзофагита', 'Терапия'),
(18, 'K59.0', 'Запор', 'Терапия'),
(19, 'M79.1', 'Миалгия', 'Терапия'),
(20, 'Z00.0', 'Общий медицинский осмотр', 'Терапия'),
(21, 'I10-S1', 'Эссенциальная (первичная) гипертензия', 'Кардиология'),
(22, 'I11.0', 'Гипертензивная болезнь сердца с застойной сердечной недостаточностью', 'Кардиология'),
(23, 'I20.0', 'Нестабильная стенокардия', 'Кардиология'),
(24, 'I20.9', 'Стенокардия неуточнённая', 'Кардиология'),
(25, 'I25.1', 'Атеросклеротическая болезнь сердца', 'Кардиология'),
(26, 'I25.9', 'Хроническая ишемическая болезнь сердца неуточнённая', 'Кардиология'),
(27, 'I48.0', 'Пароксизмальная форма фибрилляции предсердий', 'Кардиология'),
(28, 'I48.9', 'Фибрилляция и трепетание предсердий неуточнённые', 'Кардиология'),
(29, 'I50.0', 'Застойная сердечная недостаточность', 'Кардиология'),
(30, 'I50.9', 'Сердечная недостаточность неуточнённая', 'Кардиология'),
(31, 'I47.1', 'Наджелудочковая тахикардия', 'Кардиология'),
(32, 'I49.9', 'Нарушение сердечного ритма неуточнённое', 'Кардиология'),
(33, 'I42.0', 'Дилатационная кардиомиопатия', 'Кардиология'),
(34, 'I05.0', 'Митральный стеноз', 'Кардиология'),
(35, 'I34.0', 'Митральная (клапанная) недостаточность', 'Кардиология'),
(36, 'I35.0', 'Аортальный (клапанный) стеноз', 'Кардиология'),
(37, 'I70.2', 'Атеросклероз артерий конечностей', 'Кардиология'),
(38, 'I73.9', 'Болезнь периферических сосудов неуточнённая', 'Кардиология'),
(39, 'I80.3', 'Флебит и тромбофлебит нижних конечностей', 'Кардиология'),
(40, 'I83.9', 'Варикозное расширение вен нижних конечностей без язвы', 'Кардиология'),
(41, 'J06.9-S1', 'ОРВИ неуточнённая', 'Педиатрия'),
(42, 'J02.9', 'Острый фарингит неуточнённый', 'Педиатрия'),
(43, 'J03.9', 'Острый тонзиллит неуточнённый', 'Педиатрия'),
(44, 'J20.9', 'Острый бронхит неуточнённый', 'Педиатрия'),
(45, 'J45.0', 'Бронхиальная астма преимущественно аллергическая', 'Педиатрия'),
(46, 'A09', 'Диарея и гастроэнтерит инфекционного происхождения', 'Педиатрия'),
(47, 'B34.9', 'Вирусная инфекция неуточнённая', 'Педиатрия'),
(48, 'H66.9', 'Острый средний отит неуточнённый', 'Педиатрия'),
(49, 'L20.9', 'Атопический дерматит неуточнённый', 'Педиатрия'),
(50, 'R50.9-S1', 'Лихорадка неуточнённая', 'Педиатрия'),
(51, 'R05-S1', 'Кашель', 'Педиатрия'),
(52, 'R11-S1', 'Тошнота и рвота', 'Педиатрия'),
(53, 'D50.9-S1', 'Железодефицитная анемия', 'Педиатрия'),
(54, 'E34.3', 'Задержка физического развития', 'Педиатрия'),
(55, 'F90.0', 'СДВГ', 'Педиатрия'),
(56, 'G43.0', 'Мигрень без ауры', 'Педиатрия'),
(57, 'H52.1', 'Миопия', 'Педиатрия'),
(58, 'K02.1', 'Кариес дентина', 'Педиатрия'),
(59, 'N39.0', 'Инфекция мочевыводящих путей', 'Педиатрия'),
(60, 'Z00.1', 'Профилактический осмотр ребёнка', 'Педиатрия'),
(61, 'K02.1-S1', 'Кариес дентина', 'Стоматология'),
(62, 'K02.0', 'Кариес эмали', 'Стоматология'),
(63, 'K04.0', 'Пульпит', 'Стоматология'),
(64, 'K04.7', 'Периодонтит без свища', 'Стоматология'),
(65, 'K05.0', 'Острый гингивит', 'Стоматология'),
(66, 'K05.1', 'Хронический гингивит', 'Стоматология'),
(67, 'K05.3', 'Хронический пародонтит', 'Стоматология'),
(68, 'K08.1', 'Потеря зубов вследствие несчастного случая', 'Стоматология'),
(69, 'K08.3', 'Остаточный корень зуба', 'Стоматология'),
(70, 'K10.2', 'Воспалительные заболевания челюстей', 'Стоматология'),
(71, 'K12.0', 'Рецидивирующий афтозный стоматит', 'Стоматология'),
(72, 'K13.0', 'Болезни губ', 'Стоматология'),
(73, 'K13.7', 'Другие поражения слизистой оболочки полости рта', 'Стоматология'),
(74, 'K14.0', 'Глоссит', 'Стоматология'),
(75, 'S02.5', 'Перелом зуба', 'Стоматология'),
(76, 'Z01.2', 'Стоматологическое обследование', 'Стоматология'),
(77, 'Z46.3', 'Установка и регулировка стоматологического протеза', 'Стоматология'),
(78, 'Z97.2', 'Наличие зубного протеза', 'Стоматология'),
(79, 'K03.6', 'Отложения на зубах', 'Стоматология'),
(80, 'K00.6', 'Нарушения прорезывания зубов', 'Стоматология'),
(81, 'K35.8', 'Острый аппендицит', 'Хирургия'),
(82, 'K40.9', 'Паховая грыжа без непроходимости', 'Хирургия'),
(83, 'K42.9', 'Пупочная грыжа без непроходимости', 'Хирургия'),
(84, 'K80.2', 'Камни желчного пузыря без холецистита', 'Хирургия'),
(85, 'K81.0', 'Острый холецистит', 'Хирургия'),
(86, 'K57.3', 'Дивертикулез толстой кишки', 'Хирургия'),
(87, 'C18.9', 'ЗНО ободочной кишки неуточнённой локализации', 'Хирургия'),
(88, 'C50.9', 'ЗНО молочной железы', 'Хирургия'),
(89, 'D12.6', 'Доброкачественное новообразование ободочной кишки', 'Хирургия'),
(90, 'N20.0', 'Камень почки', 'Хирургия'),
(91, 'N40', 'Гиперплазия предстательной железы', 'Хирургия'),
(92, 'I71.4', 'Аневризма брюшной аорты без разрыва', 'Хирургия'),
(93, 'L02.4', 'Абсцесс кожи конечности', 'Хирургия'),
(94, 'T14.1', 'Открытая рана неуточнённой области', 'Хирургия'),
(95, 'S72.0', 'Перелом шейки бедра', 'Хирургия'),
(96, 'S82.6', 'Перелом латеральной лодыжки', 'Хирургия'),
(97, 'Z47.0', 'Послеоперационный уход', 'Хирургия'),
(98, 'Z48.0', 'Перевязка послеоперационной раны', 'Хирургия'),
(99, 'Z90.4', 'Состояние после холецистэктомии', 'Хирургия'),
(100, 'K92.2', 'ЖКК неуточнённая', 'Хирургия'),
(101, 'G43.1', 'Мигрень с аурой', 'Неврология'),
(102, 'G43.0-S1', 'Мигрень без ауры', 'Неврология'),
(103, 'G44.2', 'Головная боль напряжения', 'Неврология'),
(104, 'G47.0', 'Бессонница', 'Неврология'),
(105, 'G47.3', 'Синдром обструктивного апноэ сна', 'Неврология'),
(106, 'G40.9', 'Эпилепсия неуточнённая', 'Неврология'),
(107, 'G35', 'Рассеянный склероз', 'Неврология'),
(108, 'G56.0', 'Синдром запястного канала', 'Неврология'),
(109, 'G54.0', 'Поражения шейных корешков', 'Неврология'),
(110, 'G54.1', 'Поражения поясничных корешков', 'Неврология'),
(111, 'G62.9', 'Полиневропатия неуточнённая', 'Неврология'),
(112, 'G51.0', 'Паралич Белла', 'Неврология'),
(113, 'G20', 'Болезнь Паркинсона', 'Неврология'),
(114, 'G30.9', 'Болезнь Альцгеймера неуточнённая', 'Неврология'),
(115, 'G45.9', 'ТИА неуточнённая', 'Неврология'),
(116, 'I63.9', 'Инфаркт мозга неуточнённый', 'Неврология'),
(117, 'I64', 'Инсульт неуточнённый', 'Неврология'),
(118, 'R51-S1', 'Головная боль', 'Неврология'),
(119, 'R42-S1', 'Головокружение', 'Неврология'),
(120, 'R26.8', 'Другие нарушения походки', 'Неврология'),
(121, 'L20.9-S1', 'Атопический дерматит', 'Дерматология'),
(122, 'L30.9', 'Дерматит неуточнённый', 'Дерматология'),
(123, 'L40.9', 'Псориаз неуточнённый', 'Дерматология'),
(124, 'L50.9', 'Крапивница неуточнённая', 'Дерматология'),
(125, 'L70.0', 'Угри обыкновенные', 'Дерматология'),
(126, 'L71.9', 'Розацеа неуточнённая', 'Дерматология'),
(127, 'L80', 'Витилиго', 'Дерматология'),
(128, 'L81.4', 'Меланодермия', 'Дерматология'),
(129, 'L82', 'Себорейный кератоз', 'Дерматология'),
(130, 'L84', 'Мозоли и натоптыши', 'Дерматология'),
(131, 'L98.9', 'Поражение кожи неуточнённое', 'Дерматология'),
(132, 'B35.1', 'Онихомикоз', 'Дерматология'),
(133, 'B35.3', 'Микоз стопы', 'Дерматология'),
(134, 'B02.9', 'Опоясывающий лишай', 'Дерматология'),
(135, 'L01.0', 'Импетиго', 'Дерматология'),
(136, 'L02.4-S1', 'Абсцесс кожи', 'Дерматология'),
(137, 'L72.0', 'Эпидермальная киста', 'Дерматология'),
(138, 'L73.0', 'Акне келоидное', 'Дерматология'),
(139, 'L90.5', 'Рубцовая атрофия кожи', 'Дерматология'),
(140, 'D22.9', 'Меланоформный невус', 'Дерматология'),
(141, 'H66.9-S1', 'Острый средний отит неуточнённый', 'Оториноларингология'),
(142, 'H65.9', 'Негнойный средний отит неуточнённый', 'Оториноларингология'),
(143, 'H60.9', 'Наружный отит неуточнённый', 'Оториноларингология'),
(144, 'H61.2', 'Ушная сера', 'Оториноларингология'),
(145, 'H90.3', 'Нейросенсорная потеря слуха двусторонняя', 'Оториноларингология'),
(146, 'H91.9', 'Потеря слуха неуточнённая', 'Оториноларингология'),
(147, 'J02.9-S1', 'Острый фарингит неуточнённый', 'Оториноларингология'),
(148, 'J03.9-S1', 'Острый тонзиллит неуточнённый', 'Оториноларингология'),
(149, 'J04.0', 'Острый ларингит', 'Оториноларингология'),
(150, 'J30.1', 'Аллергический ринит', 'Оториноларингология'),
(151, 'J31.0', 'Хронический ринит', 'Оториноларингология'),
(152, 'J32.9', 'Хронический синусит неуточнённый', 'Оториноларингология'),
(153, 'J33.9', 'Полип носа неуточнённый', 'Оториноларингология'),
(154, 'J34.2', 'Искривление носовой перегородки', 'Оториноларингология'),
(155, 'R05-S2', 'Кашель', 'Оториноларингология'),
(156, 'R07.0', 'Боль в горле', 'Оториноларингология'),
(157, 'R49.0', 'Дисфония', 'Оториноларингология'),
(158, 'H68.0', 'Салиаденит', 'Оториноларингология'),
(159, 'H93.1', 'Тиннитус', 'Оториноларингология'),
(160, 'H69.0', 'Евстахиит', 'Оториноларингология'),
(161, 'H52.1-S1', 'Миопия', 'Офтальмология'),
(162, 'H52.0', 'Гиперметропия', 'Офтальмология'),
(163, 'H52.2', 'Астигматизм', 'Офтальмология'),
(164, 'H52.4', 'Пресбиопия', 'Офтальмология'),
(165, 'H10.9', 'Конъюнктивит неуточнённый', 'Офтальмология'),
(166, 'H10.3', 'Острый конъюнктивит', 'Офтальмология'),
(167, 'H16.9', 'Кератит неуточнённый', 'Офтальмология'),
(168, 'H25.9', 'Старческая катаракта неуточнённая', 'Офтальмология'),
(169, 'H40.9', 'Глаукома неуточнённая', 'Офтальмология'),
(170, 'H35.3', 'Дегенерация макулы', 'Офтальмология'),
(171, 'H33.0', 'Отслойка сетчатки с разрывом', 'Офтальмология'),
(172, 'H53.9', 'Зрительные нарушения неуточнённые', 'Офтальмология'),
(173, 'H54.0', 'Слепота обеих глаз', 'Офтальмология'),
(174, 'H57.1', 'Боль в глазу', 'Офтальмология'),
(175, 'H04.1', 'Сухой кератоконъюнктивит', 'Офтальмология'),
(176, 'H00.1', 'Халязион', 'Офтальмология'),
(177, 'H01.0', 'Блефарит', 'Офтальмология'),
(178, 'H02.0', 'Энтропион и трихиаз', 'Офтальмология'),
(179, 'H43.3', 'Помутнения стекловидного тела', 'Офтальмология'),
(180, 'H44.1', 'Эндофтальмит', 'Офтальмология'),
(181, 'E11.9-S1', 'Сахарный диабет 2 типа', 'Эндокринология'),
(182, 'E10.9', 'Сахарный диабет 1 типа', 'Эндокринология'),
(183, 'E03.9-S1', 'Гипотиреоз', 'Эндокринология'),
(184, 'E05.0', 'Тиреотоксикоз с диффузным зобом', 'Эндокринология'),
(185, 'E04.9', 'Нетоксический зоб', 'Эндокринология'),
(186, 'E66.9-S1', 'Ожирение', 'Эндокринология'),
(187, 'E78.5-S1', 'Гиперлипидемия', 'Эндокринология'),
(188, 'E55.9', 'Дефицит витамина D', 'Эндокринология'),
(189, 'E22.0', 'Акромегалия', 'Эндокринология'),
(190, 'E24.9', 'Синдром Кушинга', 'Эндокринология'),
(191, 'E27.1', 'Первичная недостаточность коры надпочечников', 'Эндокринология'),
(192, 'E28.2', 'Синдром поликистозных яичников', 'Эндокринология'),
(193, 'E29.1', 'Гипогонадизм', 'Эндокринология'),
(194, 'E34.3-S1', 'Задержка полового развития', 'Эндокринология'),
(195, 'E89.0', 'Гипотиреоз после медицинских процедур', 'Эндокринология'),
(196, 'O24.4', 'Гестационный диабет', 'Эндокринология'),
(197, 'R73.9', 'Гипергликемия', 'Эндокринология'),
(198, 'R63.5', 'Повышенный аппетит', 'Эндокринология'),
(199, 'Z13.1', 'Скрининг сахарного диабета', 'Эндокринология'),
(200, 'Z86.3', 'Личный анамнез эндокринных болезней', 'Эндокринология'),
(201, 'K21.9-S1', 'ГЭРБ без эзофагита', 'Гастроэнтерология'),
(202, 'K25.9', 'Язва желудка без кровотечения', 'Гастроэнтерология'),
(203, 'K26.9', 'Язва двенадцатиперстной кишки', 'Гастроэнтерология'),
(204, 'K29.7', 'Гастрит неуточнённый', 'Гастроэнтерология'),
(205, 'K29.8', 'Дуоденит неуточнённый', 'Гастроэнтерология'),
(206, 'K30', 'Диспепсия', 'Гастроэнтерология'),
(207, 'K58.9', 'Синдром раздражённого кишечника', 'Гастроэнтерология'),
(208, 'K59.0-S1', 'Запор', 'Гастроэнтерология'),
(209, 'K59.1', 'Диарея функциональная', 'Гастроэнтерология'),
(210, 'K50.9', 'Болезнь Крона неуточнённая', 'Гастроэнтерология'),
(211, 'K51.9', 'Язвенный колит неуточнённый', 'Гастроэнтерология'),
(212, 'K63.5', 'Полип толстой кишки', 'Гастроэнтерология'),
(213, 'K76.0', 'Жировая дегенерация печени', 'Гастроэнтерология'),
(214, 'K80.2-S1', 'Камни желчного пузыря', 'Гастроэнтерология'),
(215, 'K81.0-S1', 'Острый холецистит', 'Гастроэнтерология'),
(216, 'K85.9', 'Острый панкреатит неуточнённый', 'Гастроэнтерология'),
(217, 'K86.1', 'Хронический панкреатит', 'Гастроэнтерология'),
(218, 'K92.0', 'Кровотечение ЖКТ', 'Гастроэнтерология'),
(219, 'K92.2-S1', 'ЖКК неуточнённая', 'Гастроэнтерология'),
(220, 'R10.4-S1', 'Боли в животе', 'Гастроэнтерология'),
(221, 'J45.0-S1', 'Бронхиальная астма аллергическая', 'Пульмонология'),
(222, 'J45.9', 'Бронхиальная астма неуточнённая', 'Пульмонология'),
(223, 'J44.1', 'Обострение ХОБЛ', 'Пульмонология'),
(224, 'J44.9', 'ХОБЛ неуточнённая', 'Пульмонология'),
(225, 'J18.9', 'Пневмония неуточнённого возбудителя', 'Пульмонология'),
(226, 'J15.9', 'Бактериальная пневмония', 'Пульмонология'),
(227, 'J20.9-S1', 'Острый бронхит неуточнённый', 'Пульмонология'),
(228, 'J40', 'Бронхит неуточнённый', 'Пульмонология'),
(229, 'J30.1-S1', 'Аллергический ринит', 'Пульмонология'),
(230, 'J32.9-S1', 'Хронический синусит', 'Пульмонология'),
(231, 'J84.9', 'Интерстициальное заболевание лёгких', 'Пульмонология'),
(232, 'J93.9', 'Пневмоторакс неуточнённый', 'Пульмонология'),
(233, 'J96.0', 'Острая дыхательная недостаточность', 'Пульмонология'),
(234, 'J98.4', 'Другие поражения лёгких', 'Пульмонология'),
(235, 'R05-S3', 'Кашель', 'Пульмонология'),
(236, 'R06.0-S1', 'Одышка', 'Пульмонология'),
(237, 'R06.2', 'Задышка', 'Пульмонология'),
(238, 'U07.1', 'COVID-19', 'Пульмонология'),
(239, 'B90.9', 'Последствия туберкулёза', 'Пульмонология'),
(240, 'Z87.0', 'Личный анамнез болезней органов дыхания', 'Пульмонология'),
(241, 'M05.9', 'Серопозитивный ревматоидный артрит', 'Ревматология'),
(242, 'M06.9', 'Ревматоидный артрит неуточнённый', 'Ревматология'),
(243, 'M32.9', 'Системная красная волчанка', 'Ревматология'),
(244, 'M35.3', 'Полимиалгия ревматическая', 'Ревматология'),
(245, 'M33.9', 'Дерматополимиозит', 'Ревматология'),
(246, 'M34.9', 'Системный склероз', 'Ревматология'),
(247, 'M45', 'Анкилозирующий спондилит', 'Ревматология'),
(248, 'M10.9', 'Подагра неуточнённая', 'Ревматология'),
(249, 'M79.0', 'Ревматизм неуточнённый', 'Ревматология'),
(250, 'M25.5', 'Боль в суставе', 'Ревматология'),
(251, 'M35.2', 'Синдром Шегрена', 'Ревматология'),
(252, 'M31.5', 'Гранулематоз с полиангиитом', 'Ревматология'),
(253, 'M36.2', 'Гемартроз при гемофилии', 'Ревматология'),
(254, 'M46.9', 'Спондилопатия неуточнённая', 'Ревматология'),
(255, 'M47.9', 'Спондилёз неуточнённый', 'Ревматология'),
(256, 'M60.9', 'Миозит неуточнённый', 'Ревматология'),
(257, 'M62.8', 'Другие уточнённые поражения мышц', 'Ревматология'),
(258, 'R76.0', 'Повышение титра ревматоидного фактора', 'Ревматология'),
(259, 'Z87.3', 'Личный анамнез болезней ОДА', 'Ревматология'),
(260, 'D86.9', 'Саркоидоз неуточнённый', 'Ревматология'),
(261, 'N18.9', 'Хроническая болезнь почек', 'Нефрология'),
(262, 'N17.9', 'Острая почечная недостаточность', 'Нефрология'),
(263, 'N19', 'Почечная недостаточность неуточнённая', 'Нефрология'),
(264, 'N10', 'Острый тубулоинтерстициальный нефрит', 'Нефрология'),
(265, 'N11.9', 'Хронический тубулоинтерстициальный нефрит', 'Нефрология'),
(266, 'N03.9', 'Хронический нефритический синдром', 'Нефрология'),
(267, 'N04.9', 'Нефротический синдром', 'Нефрология'),
(268, 'N08.3', 'Поражение почек при сахарном диабете', 'Нефрология'),
(269, 'N13.3', 'Гидронефроз', 'Нефрология'),
(270, 'N20.0-S1', 'Камень почки', 'Нефрология'),
(271, 'N39.0-S1', 'Инфекция мочевыводящих путей', 'Нефрология'),
(272, 'I12.0', 'Гипертензивная болезнь почек', 'Нефрология'),
(273, 'R80', 'Изолированная протеинурия', 'Нефрология'),
(274, 'R82.7', 'Другие аномальные находки в моче', 'Нефрология'),
(275, 'Z49.0', 'Подготовка к диализу', 'Нефрология'),
(276, 'Z99.2', 'Зависимость от диализа', 'Нефрология'),
(277, 'E11.2', 'СД 2 типа с поражением почек', 'Нефрология'),
(278, 'N25.0', 'Почечная остеодистрофия', 'Нефрология'),
(279, 'N26', 'Сжатая почка неуточнённая', 'Нефрология'),
(280, 'N28.9', 'Болезнь почки неуточнённая', 'Нефрология'),
(281, 'N20.0-S2', 'Камень почки', 'Урология'),
(282, 'N20.1', 'Камень мочеточника', 'Урология'),
(283, 'N21.0', 'Камень мочевого пузыря', 'Урология'),
(284, 'N30.0', 'Острый цистит', 'Урология'),
(285, 'N39.0-S2', 'Инфекция мочевыводящих путей', 'Урология'),
(286, 'N40-S1', 'Гиперплазия предстательной железы', 'Урология'),
(287, 'N41.9', 'Воспалительная болезнь предстательной железы', 'Урология'),
(288, 'N42.1', 'Конгестия и кровотечение предстательной железы', 'Урология'),
(289, 'N43.3', 'Гидроцеле', 'Урология'),
(290, 'N44', 'Сперматоцеле', 'Урология'),
(291, 'N45.9', 'Орхит и эпидидимит', 'Урология'),
(292, 'N47', 'Фимоз', 'Урология'),
(293, 'N48.1', 'Баланопостит', 'Урология'),
(294, 'N50.1', 'Воспалительные болезни мужских половых органов', 'Урология'),
(295, 'N52.9', 'Эректильная дисфункция', 'Урология'),
(296, 'N13.3-S1', 'Другие гидронефрозы', 'Урология'),
(297, 'N17.9-S1', 'Острая почечная недостаточность', 'Урология'),
(298, 'N18.9-S1', 'Хроническая болезнь почек', 'Урология'),
(299, 'R31', 'Неуточнённая гематурия', 'Урология'),
(300, 'R33', 'Задержка мочи', 'Урология'),
(301, 'N70.9', 'Сальпингит и оофорит неуточнённые', 'Гинекология'),
(302, 'N71.9', 'Воспалительная болезнь матки неуточнённая', 'Гинекология'),
(303, 'N72', 'Воспалительная болезнь шейки матки', 'Гинекология'),
(304, 'N73.9', 'Воспалительная болезнь таза', 'Гинекология'),
(305, 'N80.0', 'Эндометриоз матки', 'Гинекология'),
(306, 'N81.1', 'Цистоцеле', 'Гинекология'),
(307, 'N83.2', 'Киста яичника', 'Гинекология'),
(308, 'N84.0', 'Полип матки', 'Гинекология'),
(309, 'N91.2', 'Аменорея неуточнённая', 'Гинекология'),
(310, 'N92.0', 'Обильные менструации', 'Гинекология'),
(311, 'N92.6', 'Нерегулярные менструации', 'Гинекология'),
(312, 'N94.6', 'Дисменорея неуточнённая', 'Гинекология'),
(313, 'N95.1', 'Менопаузальное состояние', 'Гинекология'),
(314, 'N97.9', 'Женское бесплодие неуточнённое', 'Гинекология'),
(315, 'D25.9', 'Лейомиома матки', 'Гинекология'),
(316, 'C53.9', 'ЗНО шейки матки', 'Гинекология'),
(317, 'Z30.0', 'Консультация по контрацепции', 'Гинекология'),
(318, 'Z34.9', 'Наблюдение при нормальной беременности', 'Гинекология'),
(319, 'O20.0', 'Угроза выкидыша', 'Гинекология'),
(320, 'O21.0', 'Рвота беременных', 'Гинекология'),
(321, 'O21.0-S1', 'Рвота беременных', 'Акушерство'),
(322, 'O20.0-S1', 'Угроза выкидыша', 'Акушерство'),
(323, 'O24.4-S1', 'Гестационный диабет', 'Акушерство'),
(324, 'O26.9', 'Беременность осложнённая', 'Акушерство'),
(325, 'O34.2', 'Аномалии шейки матки при беременности', 'Акушерство'),
(326, 'O36.9', 'Нарушение ухода за плодом', 'Акушерство'),
(327, 'O42.9', 'Преждевременный разрыв плодных оболочек', 'Акушерство'),
(328, 'O47.9', 'Ложные схватки', 'Акушерство'),
(329, 'O60.0', 'Преждевременные роды', 'Акушерство'),
(330, 'O80', 'Одноплодные самопроизвольные роды', 'Акушерство'),
(331, 'O85', 'Послеродовой сепсис', 'Акушерство'),
(332, 'O90.0', 'Разрыв промежности при родах', 'Акушерство'),
(333, 'O91.1', 'Абсцесс молочной железы', 'Акушерство'),
(334, 'O99.0', 'Анемия при беременности', 'Акушерство'),
(335, 'Z34.9-S1', 'Наблюдение при нормальной беременности', 'Акушерство'),
(336, 'Z35.9', 'Наблюдение при высокорисковой беременности', 'Акушерство'),
(337, 'Z37.0', 'Одноплодные роды живым', 'Акушерство'),
(338, 'Z39.2', 'Послеродовой уход', 'Акушерство'),
(339, 'N91.2-S1', 'Аменорея', 'Акушерство'),
(340, 'E66.9-S2', 'Ожирение', 'Акушерство'),
(341, 'F32.1', 'Умеренный депрессивный эпизод', 'Психиатрия'),
(342, 'F32.0', 'Лёгкий депрессивный эпизод', 'Психиатрия'),
(343, 'F33.1', 'Рекуррентное депрессивное расстройство', 'Психиатрия'),
(344, 'F41.1', 'Генерализованное тревожное расстройство', 'Психиатрия'),
(345, 'F41.0', 'Паническое расстройство', 'Психиатрия'),
(346, 'F40.1', 'Социальные фобии', 'Психиатрия'),
(347, 'F43.1', 'Посттравматическое стрессовое расстройство', 'Психиатрия'),
(348, 'F43.2', 'Расстройство адаптации', 'Психиатрия'),
(349, 'F31.3', 'Биполярное аффективное расстройство', 'Психиатрия'),
(350, 'F20.0', 'Паранойяльная шизофрения', 'Психиатрия'),
(351, 'F10.2', 'Синдром зависимости от алкоголя', 'Психиатрия'),
(352, 'F11.2', 'Синдром зависимости от опиоидов', 'Психиатрия'),
(353, 'F50.0', 'Нервная анорексия', 'Психиатрия'),
(354, 'F51.0', 'Бессонница неорганическая', 'Психиатрия'),
(355, 'F90.0-S1', 'СДВГ', 'Психиатрия'),
(356, 'F42.1', 'Преимущественно навязчивые мысли', 'Психиатрия'),
(357, 'F45.0', 'Соматоформное расстройство', 'Психиатрия'),
(358, 'F60.3', 'Эмоционально неустойчивое расстройство', 'Психиатрия'),
(359, 'F06.3', 'Органическое расстройство настроения', 'Психиатрия'),
(360, 'Z73.0', 'Истощение', 'Психиатрия'),
(361, 'F32.1-S1', 'Умеренный депрессивный эпизод', 'Психотерапия'),
(362, 'F32.0-S1', 'Лёгкий депрессивный эпизод', 'Психотерапия'),
(363, 'F33.1-S1', 'Рекуррентное депрессивное расстройство', 'Психотерапия'),
(364, 'F41.1-S1', 'Генерализованное тревожное расстройство', 'Психотерапия'),
(365, 'F41.0-S1', 'Паническое расстройство', 'Психотерапия'),
(366, 'F40.1-S1', 'Социальные фобии', 'Психотерапия'),
(367, 'F43.1-S1', 'Посттравматическое стрессовое расстройство', 'Психотерапия'),
(368, 'F43.2-S1', 'Расстройство адаптации', 'Психотерапия'),
(369, 'F31.3-S1', 'Биполярное аффективное расстройство', 'Психотерапия'),
(370, 'F20.0-S1', 'Паранойяльная шизофрения', 'Психотерапия'),
(371, 'F10.2-S1', 'Синдром зависимости от алкоголя', 'Психотерапия'),
(372, 'F11.2-S1', 'Синдром зависимости от опиоидов', 'Психотерапия'),
(373, 'F50.0-S1', 'Нервная анорексия', 'Психотерапия'),
(374, 'F51.0-S1', 'Бессонница неорганическая', 'Психотерапия'),
(375, 'F90.0-S2', 'СДВГ', 'Психотерапия'),
(376, 'F42.1-S1', 'Преимущественно навязчивые мысли', 'Психотерапия'),
(377, 'F45.0-S1', 'Соматоформное расстройство', 'Психотерапия'),
(378, 'F60.3-S1', 'Эмоционально неустойчивое расстройство', 'Психотерапия'),
(379, 'F06.3-S1', 'Органическое расстройство настроения', 'Психотерапия'),
(380, 'Z73.0-S1', 'Истощение', 'Психотерапия'),
(381, 'J30.1-S2', 'Аллергический ринит', 'Аллергология и иммунология'),
(382, 'J30.4', 'Аллергический ринит неуточнённый', 'Аллергология и иммунология'),
(383, 'J45.0-S2', 'Астма аллергическая', 'Аллергология и иммунология'),
(384, 'L20.9-S2', 'Атопический дерматит', 'Аллергология и иммунология'),
(385, 'L50.9-S1', 'Крапивница', 'Аллергология и иммунология'),
(386, 'L23.9', 'Аллергический контактный дерматит', 'Аллергология и иммунология'),
(387, 'T78.4', 'Аллергия неуточнённая', 'Аллергология и иммунология'),
(388, 'T78.2', 'Анафилактический шок', 'Аллергология и иммунология'),
(389, 'T63.4', 'Отравление рыбой и морепродуктами', 'Аллергология и иммунология'),
(390, 'Z91.0', 'Личный анамнез аллергии', 'Аллергология и иммунология'),
(391, 'J12.9', 'Вирусная пневмония', 'Аллергология и иммунология'),
(392, 'H10.1', 'Острый атопический конъюнктивит', 'Аллергология и иммунология'),
(393, 'K52.2', 'Аллергический и алиментарный гастроэнтерит', 'Аллергология и иммунология'),
(394, 'R06.2-S1', 'Задышка', 'Аллергология и иммунология'),
(395, 'R05-S4', 'Кашель', 'Аллергология и иммунология'),
(396, 'D80.9', 'Иммунодефицит', 'Аллергология и иммунология'),
(397, 'L27.0', 'Генерализованная сыпь при лекарственном воздействии', 'Аллергология и иммунология'),
(398, 'J98.4-S1', 'Другие поражения лёгких', 'Аллергология и иммунология'),
(399, 'R21', 'Сыпь', 'Аллергология и иммунология'),
(400, 'Z01.8', 'Специальное обследование', 'Аллергология и иммунология'),
(401, 'A09-S1', 'Инфекционная диарея', 'Инфекционные болезни'),
(402, 'A15.0', 'Туберкулёз лёгких', 'Инфекционные болезни'),
(403, 'A49.9', 'Бактериальная инфекция неуточнённая', 'Инфекционные болезни'),
(404, 'B34.9-S1', 'Вирусная инфекция неуточнённая', 'Инфекционные болезни'),
(405, 'B02.9-S1', 'Опоясывающий лишай', 'Инфекционные болезни'),
(406, 'B18.2', 'Хронический гепатит C', 'Инфекционные болезни'),
(407, 'B19.9', 'Вирусный гепатит неуточнённый', 'Инфекционные болезни'),
(408, 'B35.3-S1', 'Микоз стопы', 'Инфекционные болезни'),
(409, 'B37.9', 'Кандидоз неуточнённый', 'Инфекционные болезни'),
(410, 'J06.9-S2', 'ОРВИ', 'Инфекционные болезни'),
(411, 'J18.9-S1', 'Пневмония', 'Инфекционные болезни'),
(412, 'U07.1-S1', 'COVID-19', 'Инфекционные болезни'),
(413, 'A41.9', 'Сепсис неуточнённый', 'Инфекционные болезни'),
(414, 'B99', 'Другие инфекционные болезни', 'Инфекционные болезни'),
(415, 'Z23', 'Иммунизация', 'Инфекционные болезни'),
(416, 'Z11.5', 'Скрининг вирусных болезней', 'Инфекционные болезни'),
(417, 'Z22.9', 'Носительство инфекционного возбудителя', 'Инфекционные болезни'),
(418, 'R50.9-S2', 'Лихорадка', 'Инфекционные болезни'),
(419, 'R68.8', 'Другие общие симптомы', 'Инфекционные болезни'),
(420, 'A04.7', 'Энтероколит, вызванный Clostridium difficile', 'Инфекционные болезни'),
(421, 'C50.9-S1', 'ЗНО молочной железы', 'Онкология'),
(422, 'C18.9-S1', 'ЗНО ободочной кишки', 'Онкология'),
(423, 'C34.9', 'ЗНО бронха или лёгкого', 'Онкология'),
(424, 'C61', 'ЗНО предстательной железы', 'Онкология'),
(425, 'C64', 'ЗНО почки', 'Онкология'),
(426, 'C25.9', 'ЗНО поджелудочной железы', 'Онкология'),
(427, 'C22.0', 'Печёночноклеточный рак', 'Онкология'),
(428, 'C53.9-S1', 'ЗНО шейки матки', 'Онкология'),
(429, 'C56', 'ЗНО яичника', 'Онкология'),
(430, 'C67.9', 'ЗНО мочевого пузыря', 'Онкология'),
(431, 'C44.9', 'ЗНО кожи', 'Онкология'),
(432, 'C73', 'ЗНО щитовидной железы', 'Онкология'),
(433, 'C90.0', 'Множественная миелома', 'Онкология'),
(434, 'C91.0', 'Острый лимфобластный лейкоз', 'Онкология'),
(435, 'D05.9', 'Карцинома in situ молочной железы', 'Онкология'),
(436, 'D37.9', 'Новообразование неопределённого поведения', 'Онкология'),
(437, 'Z08', 'После лечения ЗНО', 'Онкология'),
(438, 'Z51.1', 'Химиотерапия', 'Онкология'),
(439, 'Z51.0', 'Лучевая терапия', 'Онкология'),
(440, 'R18', 'Асцит', 'Онкология'),
(441, 'M54.5', 'Боль в пояснице', 'Травматология и ортопедия'),
(442, 'M54.2', 'Цервикалгия', 'Травматология и ортопедия'),
(443, 'M17.9', 'Гонартроз', 'Травматология и ортопедия'),
(444, 'M16.9', 'Коксартроз', 'Травматология и ортопедия'),
(445, 'M19.9', 'Артроз неуточнённый', 'Травматология и ортопедия'),
(446, 'M25.5-S1', 'Боль в суставе', 'Травматология и ортопедия'),
(447, 'M79.1-S1', 'Миалгия', 'Травматология и ортопедия'),
(448, 'M79.3', 'Панникулит', 'Травматология и ортопедия'),
(449, 'M80.0', 'Остеопороз с патологическим переломом', 'Травматология и ортопедия'),
(450, 'M81.0', 'Остеопороз без перелома', 'Травматология и ортопедия'),
(451, 'M51.1', 'Поражение поясничных дисков с радикулопатией', 'Травматология и ортопедия'),
(452, 'M50.1', 'Поражение шейных дисков с радикулопатией', 'Травматология и ортопедия'),
(453, 'S72.0-S1', 'Перелом шейки бедра', 'Травматология и ортопедия'),
(454, 'S82.6-S1', 'Перелом лодыжки', 'Травматология и ортопедия'),
(455, 'S93.4', 'Растяжение связок голеностопа', 'Травматология и ортопедия'),
(456, 'S60.0', 'Ушиб пальца', 'Травматология и ортопедия'),
(457, 'S43.0', 'Вывих плечевого сустава', 'Травматология и ортопедия'),
(458, 'T14.03', 'Поверхностное повреждение', 'Травматология и ортопедия'),
(459, 'M65.9', 'Синовит и теносиновит', 'Травматология и ортопедия'),
(460, 'M71.9', 'Бурсит неуточнённый', 'Травматология и ортопедия'),
(461, 'M54.5-S1', 'Боль в пояснице', 'Физиотерапия'),
(462, 'M54.2-S1', 'Цервикалгия', 'Физиотерапия'),
(463, 'M17.9-S1', 'Гонартроз', 'Физиотерапия'),
(464, 'M16.9-S1', 'Коксартроз', 'Физиотерапия'),
(465, 'M19.9-S1', 'Артроз неуточнённый', 'Физиотерапия'),
(466, 'M25.5-S2', 'Боль в суставе', 'Физиотерапия'),
(467, 'M79.1-S2', 'Миалгия', 'Физиотерапия'),
(468, 'M79.3-S1', 'Панникулит', 'Физиотерапия'),
(469, 'M80.0-S1', 'Остеопороз с патологическим переломом', 'Физиотерапия'),
(470, 'M81.0-S1', 'Остеопороз без перелома', 'Физиотерапия'),
(471, 'M51.1-S1', 'Поражение поясничных дисков с радикулопатией', 'Физиотерапия'),
(472, 'M50.1-S1', 'Поражение шейных дисков с радикулопатией', 'Физиотерапия'),
(473, 'S72.0-S2', 'Перелом шейки бедра', 'Физиотерапия'),
(474, 'S82.6-S2', 'Перелом лодыжки', 'Физиотерапия'),
(475, 'S93.4-S1', 'Растяжение связок голеностопа', 'Физиотерапия'),
(476, 'S60.0-S1', 'Ушиб пальца', 'Физиотерапия'),
(477, 'S43.0-S1', 'Вывих плечевого сустава', 'Физиотерапия'),
(478, 'T14.03-S1', 'Поверхностное повреждение', 'Физиотерапия'),
(479, 'M65.9-S1', 'Синовит и теносиновит', 'Физиотерапия'),
(480, 'M71.9-S1', 'Бурсит неуточнённый', 'Физиотерапия'),
(481, 'J06.9-S3', 'Острая инфекция верхних дыхательных путей неуточнённая', 'Ультразвуковая диагностика'),
(482, 'J00-S1', 'Острый назофарингит [насморк]', 'Ультразвуковая диагностика'),
(483, 'R50.9-S3', 'Лихорадка неуточнённая', 'Ультразвуковая диагностика'),
(484, 'R51-S2', 'Головная боль', 'Ультразвуковая диагностика'),
(485, 'R53-S1', 'Недомогание и утомляемость', 'Ультразвуковая диагностика'),
(486, 'R06.0-S2', 'Одышка', 'Ультразвуковая диагностика'),
(487, 'R10.4-S2', 'Другие и неуточнённые боли в животе', 'Ультразвуковая диагностика'),
(488, 'R42-S2', 'Головокружение и нарушение устойчивости', 'Ультразвуковая диагностика'),
(489, 'R05-S5', 'Кашель', 'Ультразвуковая диагностика'),
(490, 'R11-S2', 'Тошнота и рвота', 'Ультразвуковая диагностика'),
(491, 'E66.9-S3', 'Ожирение неуточнённое', 'Ультразвуковая диагностика'),
(492, 'E78.5-S2', 'Гиперлипидемия неуточнённая', 'Ультразвуковая диагностика'),
(493, 'D50.9-S2', 'Железодефицитная анемия неуточнённая', 'Ультразвуковая диагностика'),
(494, 'E11.9-S2', 'Сахарный диабет 2 типа без осложнений', 'Ультразвуковая диагностика'),
(495, 'E03.9-S2', 'Гипотиреоз неуточнённый', 'Ультразвуковая диагностика'),
(496, 'I10-S2', 'Эссенциальная (первичная) гипертензия', 'Ультразвуковая диагностика'),
(497, 'K21.9-S2', 'ГЭРБ без эзофагита', 'Ультразвуковая диагностика'),
(498, 'K59.0-S2', 'Запор', 'Ультразвуковая диагностика'),
(499, 'M79.1-S3', 'Миалгия', 'Ультразвуковая диагностика'),
(500, 'Z00.0-S1', 'Общий медицинский осмотр', 'Ультразвуковая диагностика'),
(501, 'I10-S3', 'Эссенциальная (первичная) гипертензия', 'Функциональная диагностика'),
(502, 'I11.0-S1', 'Гипертензивная болезнь сердца с застойной сердечной недостаточностью', 'Функциональная диагностика'),
(503, 'I20.0-S1', 'Нестабильная стенокардия', 'Функциональная диагностика'),
(504, 'I20.9-S1', 'Стенокардия неуточнённая', 'Функциональная диагностика'),
(505, 'I25.1-S1', 'Атеросклеротическая болезнь сердца', 'Функциональная диагностика'),
(506, 'I25.9-S1', 'Хроническая ишемическая болезнь сердца неуточнённая', 'Функциональная диагностика'),
(507, 'I48.0-S1', 'Пароксизмальная форма фибрилляции предсердий', 'Функциональная диагностика'),
(508, 'I48.9-S1', 'Фибрилляция и трепетание предсердий неуточнённые', 'Функциональная диагностика'),
(509, 'I50.0-S1', 'Застойная сердечная недостаточность', 'Функциональная диагностика'),
(510, 'I50.9-S1', 'Сердечная недостаточность неуточнённая', 'Функциональная диагностика'),
(511, 'I47.1-S1', 'Наджелудочковая тахикардия', 'Функциональная диагностика'),
(512, 'I49.9-S1', 'Нарушение сердечного ритма неуточнённое', 'Функциональная диагностика'),
(513, 'I42.0-S1', 'Дилатационная кардиомиопатия', 'Функциональная диагностика'),
(514, 'I05.0-S1', 'Митральный стеноз', 'Функциональная диагностика'),
(515, 'I34.0-S1', 'Митральная (клапанная) недостаточность', 'Функциональная диагностика'),
(516, 'I35.0-S1', 'Аортальный (клапанный) стеноз', 'Функциональная диагностика'),
(517, 'I70.2-S1', 'Атеросклероз артерий конечностей', 'Функциональная диагностика'),
(518, 'I73.9-S1', 'Болезнь периферических сосудов неуточнённая', 'Функциональная диагностика'),
(519, 'I80.3-S1', 'Флебит и тромбофлебит нижних конечностей', 'Функциональная диагностика'),
(520, 'I83.9-S1', 'Варикозное расширение вен нижних конечностей без язвы', 'Функциональная диагностика'),
(521, 'J06.9-S4', 'Острая инфекция верхних дыхательных путей неуточнённая', 'Семейная медицина'),
(522, 'J00-S2', 'Острый назофарингит [насморк]', 'Семейная медицина'),
(523, 'R50.9-S4', 'Лихорадка неуточнённая', 'Семейная медицина'),
(524, 'R51-S3', 'Головная боль', 'Семейная медицина'),
(525, 'R53-S2', 'Недомогание и утомляемость', 'Семейная медицина'),
(526, 'R06.0-S3', 'Одышка', 'Семейная медицина'),
(527, 'R10.4-S3', 'Другие и неуточнённые боли в животе', 'Семейная медицина'),
(528, 'R42-S3', 'Головокружение и нарушение устойчивости', 'Семейная медицина'),
(529, 'R05-S6', 'Кашель', 'Семейная медицина'),
(530, 'R11-S3', 'Тошнота и рвота', 'Семейная медицина'),
(531, 'E66.9-S4', 'Ожирение неуточнённое', 'Семейная медицина'),
(532, 'E78.5-S3', 'Гиперлипидемия неуточнённая', 'Семейная медицина'),
(533, 'D50.9-S3', 'Железодефицитная анемия неуточнённая', 'Семейная медицина'),
(534, 'E11.9-S3', 'Сахарный диабет 2 типа без осложнений', 'Семейная медицина'),
(535, 'E03.9-S3', 'Гипотиреоз неуточнённый', 'Семейная медицина'),
(536, 'I10-S4', 'Эссенциальная (первичная) гипертензия', 'Семейная медицина'),
(537, 'K21.9-S3', 'ГЭРБ без эзофагита', 'Семейная медицина'),
(538, 'K59.0-S3', 'Запор', 'Семейная медицина'),
(539, 'M79.1-S4', 'Миалгия', 'Семейная медицина'),
(540, 'Z00.0-S2', 'Общий медицинский осмотр', 'Семейная медицина'),
(541, 'K21.9-S4', 'ГЭРБ без эзофагита', 'Проктология'),
(542, 'K25.9-S1', 'Язва желудка без кровотечения', 'Проктология'),
(543, 'K26.9-S1', 'Язва двенадцатиперстной кишки', 'Проктология'),
(544, 'K29.7-S1', 'Гастрит неуточнённый', 'Проктология'),
(545, 'K29.8-S1', 'Дуоденит неуточнённый', 'Проктология'),
(546, 'K30-S1', 'Диспепсия', 'Проктология'),
(547, 'K58.9-S1', 'Синдром раздражённого кишечника', 'Проктология'),
(548, 'K59.0-S4', 'Запор', 'Проктология'),
(549, 'K59.1-S1', 'Диарея функциональная', 'Проктология'),
(550, 'K50.9-S1', 'Болезнь Крона неуточнённая', 'Проктология'),
(551, 'K51.9-S1', 'Язвенный колит неуточнённый', 'Проктология'),
(552, 'K63.5-S1', 'Полип толстой кишки', 'Проктология'),
(553, 'K76.0-S1', 'Жировая дегенерация печени', 'Проктология'),
(554, 'K80.2-S2', 'Камни желчного пузыря', 'Проктология'),
(555, 'K81.0-S2', 'Острый холецистит', 'Проктология'),
(556, 'K85.9-S1', 'Острый панкреатит неуточнённый', 'Проктология'),
(557, 'K86.1-S1', 'Хронический панкреатит', 'Проктология'),
(558, 'K92.0-S1', 'Кровотечение ЖКТ', 'Проктология'),
(559, 'K92.2-S2', 'ЖКК неуточнённая', 'Проктология'),
(560, 'R10.4-S4', 'Боли в животе', 'Проктология'),
(561, 'C50.9-S2', 'ЗНО молочной железы', 'Маммология'),
(562, 'C18.9-S2', 'ЗНО ободочной кишки', 'Маммология'),
(563, 'C34.9-S1', 'ЗНО бронха или лёгкого', 'Маммология'),
(564, 'C61-S1', 'ЗНО предстательной железы', 'Маммология'),
(565, 'C64-S1', 'ЗНО почки', 'Маммология'),
(566, 'C25.9-S1', 'ЗНО поджелудочной железы', 'Маммология'),
(567, 'C22.0-S1', 'Печёночноклеточный рак', 'Маммология'),
(568, 'C53.9-S2', 'ЗНО шейки матки', 'Маммология'),
(569, 'C56-S1', 'ЗНО яичника', 'Маммология'),
(570, 'C67.9-S1', 'ЗНО мочевого пузыря', 'Маммология'),
(571, 'C44.9-S1', 'ЗНО кожи', 'Маммология'),
(572, 'C73-S1', 'ЗНО щитовидной железы', 'Маммология'),
(573, 'C90.0-S1', 'Множественная миелома', 'Маммология'),
(574, 'C91.0-S1', 'Острый лимфобластный лейкоз', 'Маммология'),
(575, 'D05.9-S1', 'Карцинома in situ молочной железы', 'Маммология'),
(576, 'D37.9-S1', 'Новообразование неопределённого поведения', 'Маммология'),
(577, 'Z08-S1', 'После лечения ЗНО', 'Маммология'),
(578, 'Z51.1-S1', 'Химиотерапия', 'Маммология'),
(579, 'Z51.0-S1', 'Лучевая терапия', 'Маммология'),
(580, 'R18-S1', 'Асцит', 'Маммология'),
(581, 'K35.8-S1', 'Острый аппендицит', 'Анестезиология и реаниматология'),
(582, 'K40.9-S1', 'Паховая грыжа без непроходимости', 'Анестезиология и реаниматология'),
(583, 'K42.9-S1', 'Пупочная грыжа без непроходимости', 'Анестезиология и реаниматология'),
(584, 'K80.2-S3', 'Камни желчного пузыря без холецистита', 'Анестезиология и реаниматология'),
(585, 'K81.0-S3', 'Острый холецистит', 'Анестезиология и реаниматология'),
(586, 'K57.3-S1', 'Дивертикулез толстой кишки', 'Анестезиология и реаниматология'),
(587, 'C18.9-S3', 'ЗНО ободочной кишки неуточнённой локализации', 'Анестезиология и реаниматология'),
(588, 'C50.9-S3', 'ЗНО молочной железы', 'Анестезиология и реаниматология'),
(589, 'D12.6-S1', 'Доброкачественное новообразование ободочной кишки', 'Анестезиология и реаниматология'),
(590, 'N20.0-S3', 'Камень почки', 'Анестезиология и реаниматология'),
(591, 'N40-S2', 'Гиперплазия предстательной железы', 'Анестезиология и реаниматология'),
(592, 'I71.4-S1', 'Аневризма брюшной аорты без разрыва', 'Анестезиология и реаниматология'),
(593, 'L02.4-S2', 'Абсцесс кожи конечности', 'Анестезиология и реаниматология'),
(594, 'T14.1-S1', 'Открытая рана неуточнённой области', 'Анестезиология и реаниматология'),
(595, 'S72.0-S3', 'Перелом шейки бедра', 'Анестезиология и реаниматология'),
(596, 'S82.6-S3', 'Перелом латеральной лодыжки', 'Анестезиология и реаниматология'),
(597, 'Z47.0-S1', 'Послеоперационный уход', 'Анестезиология и реаниматология'),
(598, 'Z48.0-S1', 'Перевязка послеоперационной раны', 'Анестезиология и реаниматология'),
(599, 'Z90.4-S1', 'Состояние после холецистэктомии', 'Анестезиология и реаниматология'),
(600, 'K92.2-S3', 'ЖКК неуточнённая', 'Анестезиология и реаниматология'),
(601, 'I10-S5', 'Эссенциальная (первичная) гипертензия', 'Сосудистая хирургия'),
(602, 'I11.0-S2', 'Гипертензивная болезнь сердца с застойной сердечной недостаточностью', 'Сосудистая хирургия'),
(603, 'I20.0-S2', 'Нестабильная стенокардия', 'Сосудистая хирургия'),
(604, 'I20.9-S2', 'Стенокардия неуточнённая', 'Сосудистая хирургия'),
(605, 'I25.1-S2', 'Атеросклеротическая болезнь сердца', 'Сосудистая хирургия'),
(606, 'I25.9-S2', 'Хроническая ишемическая болезнь сердца неуточнённая', 'Сосудистая хирургия'),
(607, 'I48.0-S2', 'Пароксизмальная форма фибрилляции предсердий', 'Сосудистая хирургия'),
(608, 'I48.9-S2', 'Фибрилляция и трепетание предсердий неуточнённые', 'Сосудистая хирургия'),
(609, 'I50.0-S2', 'Застойная сердечная недостаточность', 'Сосудистая хирургия'),
(610, 'I50.9-S2', 'Сердечная недостаточность неуточнённая', 'Сосудистая хирургия'),
(611, 'I47.1-S2', 'Наджелудочковая тахикардия', 'Сосудистая хирургия'),
(612, 'I49.9-S2', 'Нарушение сердечного ритма неуточнённое', 'Сосудистая хирургия'),
(613, 'I42.0-S2', 'Дилатационная кардиомиопатия', 'Сосудистая хирургия'),
(614, 'I05.0-S2', 'Митральный стеноз', 'Сосудистая хирургия'),
(615, 'I34.0-S2', 'Митральная (клапанная) недостаточность', 'Сосудистая хирургия'),
(616, 'I35.0-S2', 'Аортальный (клапанный) стеноз', 'Сосудистая хирургия'),
(617, 'I70.2-S2', 'Атеросклероз артерий конечностей', 'Сосудистая хирургия'),
(618, 'I73.9-S2', 'Болезнь периферических сосудов неуточнённая', 'Сосудистая хирургия'),
(619, 'I80.3-S2', 'Флебит и тромбофлебит нижних конечностей', 'Сосудистая хирургия'),
(620, 'I83.9-S2', 'Варикозное расширение вен нижних конечностей без язвы', 'Сосудистая хирургия'),
(621, 'L20.9-S3', 'Атопический дерматит', 'Пластическая хирургия'),
(622, 'L30.9-S1', 'Дерматит неуточнённый', 'Пластическая хирургия'),
(623, 'L40.9-S1', 'Псориаз неуточнённый', 'Пластическая хирургия'),
(624, 'L50.9-S2', 'Крапивница неуточнённая', 'Пластическая хирургия'),
(625, 'L70.0-S1', 'Угри обыкновенные', 'Пластическая хирургия'),
(626, 'L71.9-S1', 'Розацеа неуточнённая', 'Пластическая хирургия'),
(627, 'L80-S1', 'Витилиго', 'Пластическая хирургия'),
(628, 'L81.4-S1', 'Меланодермия', 'Пластическая хирургия'),
(629, 'L82-S1', 'Себорейный кератоз', 'Пластическая хирургия'),
(630, 'L84-S1', 'Мозоли и натоптыши', 'Пластическая хирургия'),
(631, 'L98.9-S1', 'Поражение кожи неуточнённое', 'Пластическая хирургия'),
(632, 'B35.1-S1', 'Онихомикоз', 'Пластическая хирургия'),
(633, 'B35.3-S2', 'Микоз стопы', 'Пластическая хирургия'),
(634, 'B02.9-S2', 'Опоясывающий лишай', 'Пластическая хирургия'),
(635, 'L01.0-S1', 'Импетиго', 'Пластическая хирургия'),
(636, 'L02.4-S3', 'Абсцесс кожи', 'Пластическая хирургия'),
(637, 'L72.0-S1', 'Эпидермальная киста', 'Пластическая хирургия'),
(638, 'L73.0-S1', 'Акне келоидное', 'Пластическая хирургия'),
(639, 'L90.5-S1', 'Рубцовая атрофия кожи', 'Пластическая хирургия'),
(640, 'D22.9-S1', 'Меланоформный невус', 'Пластическая хирургия'),
(641, 'D50.9-S4', 'Железодефицитная анемия', 'Гематология'),
(642, 'D51.9', 'Анемия вследствие дефицита витамина B12', 'Гематология'),
(643, 'D52.9', 'Фолиеводефицитная анемия', 'Гематология'),
(644, 'D64.9', 'Анемия неуточнённая', 'Гематология'),
(645, 'D69.6', 'Тромбоцитопения неуточнённая', 'Гематология'),
(646, 'D68.9', 'Нарушение свёртываемости неуточнённое', 'Гематология'),
(647, 'D70.9', 'Нейтропения неуточнённая', 'Гематология'),
(648, 'D72.8', 'Другие уточнённые изменения лейкоцитов', 'Гематология'),
(649, 'D75.9', 'Болезнь крови и кроветворных органов', 'Гематология'),
(650, 'D80.9-S1', 'Иммунодефицит неуточнённый', 'Гематология'),
(651, 'C91.0-S2', 'Острый лимфобластный лейкоз', 'Гематология'),
(652, 'C90.0-S2', 'Множественная миелома', 'Гематология'),
(653, 'C83.9', 'Неходжкинская лимфома', 'Гематология'),
(654, 'D46.9', 'Миелодиспластический синдром', 'Гематология'),
(655, 'D47.3', 'Эссенциальная тромбоцитемия', 'Гематология'),
(656, 'R59.0', 'Увеличение ЛУ', 'Гематология'),
(657, 'R71', 'Аномальное содержание гемоглобина', 'Гематология'),
(658, 'Z51.1-S2', 'Химиотерапия', 'Гематология'),
(659, 'Z94.8', 'Наличие трансплантата костного мозга', 'Гематология'),
(660, 'D58.9', 'Наследственная гемолитическая анемия', 'Гематология'),
(661, 'E11.9-S4', 'Сахарный диабет 2 типа', 'Диетология'),
(662, 'E10.9-S1', 'Сахарный диабет 1 типа', 'Диетология'),
(663, 'E03.9-S4', 'Гипотиреоз', 'Диетология'),
(664, 'E05.0-S1', 'Тиреотоксикоз с диффузным зобом', 'Диетология'),
(665, 'E04.9-S1', 'Нетоксический зоб', 'Диетология'),
(666, 'E66.9-S5', 'Ожирение', 'Диетология'),
(667, 'E78.5-S4', 'Гиперлипидемия', 'Диетология'),
(668, 'E55.9-S1', 'Дефицит витамина D', 'Диетология'),
(669, 'E22.0-S1', 'Акромегалия', 'Диетология'),
(670, 'E24.9-S1', 'Синдром Кушинга', 'Диетология'),
(671, 'E27.1-S1', 'Первичная недостаточность коры надпочечников', 'Диетология'),
(672, 'E28.2-S1', 'Синдром поликистозных яичников', 'Диетология'),
(673, 'E29.1-S1', 'Гипогонадизм', 'Диетология'),
(674, 'E34.3-S2', 'Задержка полового развития', 'Диетология'),
(675, 'E89.0-S1', 'Гипотиреоз после медицинских процедур', 'Диетология'),
(676, 'O24.4-S2', 'Гестационный диабет', 'Диетология'),
(677, 'R73.9-S1', 'Гипергликемия', 'Диетология'),
(678, 'R63.5-S1', 'Повышенный аппетит', 'Диетология'),
(679, 'Z13.1-S1', 'Скрининг сахарного диабета', 'Диетология'),
(680, 'Z86.3-S1', 'Личный анамнез эндокринных болезней', 'Диетология'),
(681, 'F32.1-S2', 'Умеренный депрессивный эпизод', 'Наркология'),
(682, 'F32.0-S2', 'Лёгкий депрессивный эпизод', 'Наркология'),
(683, 'F33.1-S2', 'Рекуррентное депрессивное расстройство', 'Наркология'),
(684, 'F41.1-S2', 'Генерализованное тревожное расстройство', 'Наркология'),
(685, 'F41.0-S2', 'Паническое расстройство', 'Наркология'),
(686, 'F40.1-S2', 'Социальные фобии', 'Наркология'),
(687, 'F43.1-S2', 'Посттравматическое стрессовое расстройство', 'Наркология'),
(688, 'F43.2-S2', 'Расстройство адаптации', 'Наркология'),
(689, 'F31.3-S2', 'Биполярное аффективное расстройство', 'Наркология'),
(690, 'F20.0-S2', 'Паранойяльная шизофрения', 'Наркология'),
(691, 'F10.2-S2', 'Синдром зависимости от алкоголя', 'Наркология'),
(692, 'F11.2-S2', 'Синдром зависимости от опиоидов', 'Наркология'),
(693, 'F50.0-S2', 'Нервная анорексия', 'Наркология'),
(694, 'F51.0-S2', 'Бессонница неорганическая', 'Наркология'),
(695, 'F90.0-S3', 'СДВГ', 'Наркология'),
(696, 'F42.1-S2', 'Преимущественно навязчивые мысли', 'Наркология'),
(697, 'F45.0-S2', 'Соматоформное расстройство', 'Наркология'),
(698, 'F60.3-S2', 'Эмоционально неустойчивое расстройство', 'Наркология'),
(699, 'F06.3-S2', 'Органическое расстройство настроения', 'Наркология'),
(700, 'Z73.0-S2', 'Истощение', 'Наркология'),
(701, 'M54.5-S2', 'Боль в пояснице', 'Спортивная медицина'),
(702, 'M54.2-S2', 'Цервикалгия', 'Спортивная медицина'),
(703, 'M17.9-S2', 'Гонартроз', 'Спортивная медицина'),
(704, 'M16.9-S2', 'Коксартроз', 'Спортивная медицина'),
(705, 'M19.9-S2', 'Артроз неуточнённый', 'Спортивная медицина'),
(706, 'M25.5-S3', 'Боль в суставе', 'Спортивная медицина'),
(707, 'M79.1-S5', 'Миалгия', 'Спортивная медицина'),
(708, 'M79.3-S2', 'Панникулит', 'Спортивная медицина'),
(709, 'M80.0-S2', 'Остеопороз с патологическим переломом', 'Спортивная медицина'),
(710, 'M81.0-S2', 'Остеопороз без перелома', 'Спортивная медицина'),
(711, 'M51.1-S2', 'Поражение поясничных дисков с радикулопатией', 'Спортивная медицина'),
(712, 'M50.1-S2', 'Поражение шейных дисков с радикулопатией', 'Спортивная медицина'),
(713, 'S72.0-S4', 'Перелом шейки бедра', 'Спортивная медицина'),
(714, 'S82.6-S4', 'Перелом лодыжки', 'Спортивная медицина'),
(715, 'S93.4-S2', 'Растяжение связок голеностопа', 'Спортивная медицина'),
(716, 'S60.0-S2', 'Ушиб пальца', 'Спортивная медицина'),
(717, 'S43.0-S2', 'Вывих плечевого сустава', 'Спортивная медицина'),
(718, 'T14.03-S2', 'Поверхностное повреждение', 'Спортивная медицина'),
(719, 'M65.9-S2', 'Синовит и теносиновит', 'Спортивная медицина'),
(720, 'M71.9-S2', 'Бурсит неуточнённый', 'Спортивная медицина'),
(721, 'J06.9-S5', 'ОРВИ неуточнённая', 'Неонатология'),
(722, 'J02.9-S2', 'Острый фарингит неуточнённый', 'Неонатология'),
(723, 'J03.9-S2', 'Острый тонзиллит неуточнённый', 'Неонатология'),
(724, 'J20.9-S2', 'Острый бронхит неуточнённый', 'Неонатология'),
(725, 'J45.0-S3', 'Бронхиальная астма преимущественно аллергическая', 'Неонатология'),
(726, 'A09-S2', 'Диарея и гастроэнтерит инфекционного происхождения', 'Неонатология'),
(727, 'B34.9-S2', 'Вирусная инфекция неуточнённая', 'Неонатология'),
(728, 'H66.9-S2', 'Острый средний отит неуточнённый', 'Неонатология'),
(729, 'L20.9-S4', 'Атопический дерматит неуточнённый', 'Неонатология'),
(730, 'R50.9-S5', 'Лихорадка неуточнённая', 'Неонатология'),
(731, 'R05-S7', 'Кашель', 'Неонатология'),
(732, 'R11-S4', 'Тошнота и рвота', 'Неонатология'),
(733, 'D50.9-S5', 'Железодефицитная анемия', 'Неонатология'),
(734, 'E34.3-S3', 'Задержка физического развития', 'Неонатология'),
(735, 'F90.0-S4', 'СДВГ', 'Неонатология'),
(736, 'G43.0-S2', 'Мигрень без ауры', 'Неонатология'),
(737, 'H52.1-S2', 'Миопия', 'Неонатология'),
(738, 'K02.1-S2', 'Кариес дентина', 'Неонатология'),
(739, 'N39.0-S3', 'Инфекция мочевыводящих путей', 'Неонатология'),
(740, 'Z00.1-S1', 'Профилактический осмотр ребёнка', 'Неонатология'),
(741, 'J45.0-S4', 'Бронхиальная астма аллергическая', 'Фтизиатрия'),
(742, 'J45.9-S1', 'Бронхиальная астма неуточнённая', 'Фтизиатрия'),
(743, 'J44.1-S1', 'Обострение ХОБЛ', 'Фтизиатрия'),
(744, 'J44.9-S1', 'ХОБЛ неуточнённая', 'Фтизиатрия'),
(745, 'J18.9-S2', 'Пневмония неуточнённого возбудителя', 'Фтизиатрия'),
(746, 'J15.9-S1', 'Бактериальная пневмония', 'Фтизиатрия'),
(747, 'J20.9-S3', 'Острый бронхит неуточнённый', 'Фтизиатрия'),
(748, 'J40-S1', 'Бронхит неуточнённый', 'Фтизиатрия'),
(749, 'J30.1-S3', 'Аллергический ринит', 'Фтизиатрия'),
(750, 'J32.9-S2', 'Хронический синусит', 'Фтизиатрия'),
(751, 'J84.9-S1', 'Интерстициальное заболевание лёгких', 'Фтизиатрия'),
(752, 'J93.9-S1', 'Пневмоторакс неуточнённый', 'Фтизиатрия'),
(753, 'J96.0-S1', 'Острая дыхательная недостаточность', 'Фтизиатрия'),
(754, 'J98.4-S2', 'Другие поражения лёгких', 'Фтизиатрия'),
(755, 'R05-S8', 'Кашель', 'Фтизиатрия'),
(756, 'R06.0-S4', 'Одышка', 'Фтизиатрия'),
(757, 'R06.2-S2', 'Задышка', 'Фтизиатрия'),
(758, 'U07.1-S2', 'COVID-19', 'Фтизиатрия'),
(759, 'B90.9-S1', 'Последствия туберкулёза', 'Фтизиатрия'),
(760, 'Z87.0-S1', 'Личный анамнез болезней органов дыхания', 'Фтизиатрия'),
(761, 'R50.9-S6', 'Лихорадка неуточнённая', 'Медицинская генетика'),
(762, 'R51-S4', 'Головная боль', 'Медицинская генетика'),
(763, 'R53-S3', 'Недомогание и утомляемость', 'Медицинская генетика'),
(764, 'R10.4-S5', 'Боли в животе', 'Медицинская генетика'),
(765, 'R05-S9', 'Кашель', 'Медицинская генетика'),
(766, 'R06.0-S5', 'Одышка', 'Медицинская генетика'),
(767, 'R11-S5', 'Тошнота и рвота', 'Медицинская генетика'),
(768, 'R42-S4', 'Головокружение', 'Медицинская генетика'),
(769, 'R21-S1', 'Сыпь', 'Медицинская генетика'),
(770, 'R19.4', 'Изменение стола', 'Медицинская генетика'),
(771, 'Z00.0-S3', 'Общий медицинский осмотр', 'Медицинская генетика'),
(772, 'Z01.8-S1', 'Специальное обследование', 'Медицинская генетика'),
(773, 'Z87.8', 'Личный анамнез', 'Медицинская генетика'),
(774, 'M79.1-S6', 'Миалгия', 'Медицинская генетика'),
(775, 'E66.9-S6', 'Ожирение', 'Медицинская генетика'),
(776, 'I10-S6', 'Гипертензия', 'Медицинская генетика'),
(777, 'E11.9-S5', 'Сахарный диабет 2 типа', 'Медицинская генетика'),
(778, 'D50.9-S6', 'Анемия', 'Медицинская генетика'),
(779, 'F41.1-S3', 'Тревожное расстройство', 'Медицинская генетика'),
(780, 'J06.9-S6', 'ОРВИ', 'Медицинская генетика'),
(781, 'H66.9-S3', 'Острый средний отит неуточнённый', 'Сурдология'),
(782, 'H65.9-S1', 'Негнойный средний отит неуточнённый', 'Сурдология'),
(783, 'H60.9-S1', 'Наружный отит неуточнённый', 'Сурдология'),
(784, 'H61.2-S1', 'Ушная сера', 'Сурдология'),
(785, 'H90.3-S1', 'Нейросенсорная потеря слуха двусторонняя', 'Сурдология'),
(786, 'H91.9-S1', 'Потеря слуха неуточнённая', 'Сурдология'),
(787, 'J02.9-S3', 'Острый фарингит неуточнённый', 'Сурдология'),
(788, 'J03.9-S3', 'Острый тонзиллит неуточнённый', 'Сурдология'),
(789, 'J04.0-S1', 'Острый ларингит', 'Сурдология'),
(790, 'J30.1-S4', 'Аллергический ринит', 'Сурдология'),
(791, 'J31.0-S1', 'Хронический ринит', 'Сурдология'),
(792, 'J32.9-S3', 'Хронический синусит неуточнённый', 'Сурдология'),
(793, 'J33.9-S1', 'Полип носа неуточнённый', 'Сурдология'),
(794, 'J34.2-S1', 'Искривление носовой перегородки', 'Сурдология'),
(795, 'R05-S10', 'Кашель', 'Сурдология'),
(796, 'R07.0-S1', 'Боль в горле', 'Сурдология'),
(797, 'R49.0-S1', 'Дисфония', 'Сурдология'),
(798, 'H68.0-S1', 'Салиаденит', 'Сурдология'),
(799, 'H93.1-S1', 'Тиннитус', 'Сурдология'),
(800, 'H69.0-S1', 'Евстахиит', 'Сурдология');
SELECT setval('diagnoses_id_seq', (SELECT MAX(id) FROM diagnoses));

-- 7. Пациенты
INSERT INTO patients (id, user_id, birth_date, gender, insurance_number) VALUES
(1, 36, '1985-03-12', 1, '5914805555555550'),
(2, 37, '1990-07-22', 2, '5914805555555551'),
(3, 38, '1978-11-05', 1, '5914805555555552'),
(4, 39, '1992-01-18', 2, '5914805555555553'),
(5, 40, '1983-09-30', 1, '5914805555555554'),
(6, 41, '1995-04-14', 2, '5914805555555555'),
(7, 42, '1980-12-03', 1, '5914805555555556'),
(8, 43, '1988-06-25', 2, '5914805555555557'),
(9, 44, '1975-08-11', 1, '5914805555555558'),
(10, 45, '1993-02-19', 2, '5914805555555559'),
(11, 46, '1987-10-07', 2, '5914805555555560'),
(12, 47, '1981-05-28', 1, '5914805555555561'),
(13, 48, '1991-12-15', 2, '5914805555555562'),
(14, 49, '1986-03-04', 1, '5914805555555563'),
(15, 50, '1989-09-21', 2, '5914805555555564'),
(16, 51, '1984-07-13', 1, '5914805555555565'),
(17, 52, '1996-11-30', 2, '5914805555555566'),
(18, 53, '1982-01-09', 2, '5914805555555567'),
(19, 54, '1979-04-26', 1, '5914805555555568'),
(20, 55, '1994-08-17', 2, '5914805555555569'),
(21, 56, '1985-06-02', 2, '5914805555555570'),
(22, 57, '1990-10-10', 2, '5914805555555571'),
(23, 58, '1977-12-22', 1, '5914805555555572'),
(24, 59, '1983-08-08', 1, '5914805555555573'),
(25, 60, '1992-03-27', 2, '5914805555555574'),
(26, 61, '1988-11-14', 1, '5914805555555575'),
(27, 62, '1997-05-06', 2, '5914805555555576'),
(28, 63, '1980-02-20', 1, '5914805555555577'),
(29, 64, '1986-09-11', 2, '5914805555555578'),
(30, 65, '1991-07-03', 2, '5914805555555579'),
(31, 66, '1976-10-29', 1, '5914805555555580'),
(32, 67, '1998-01-16', 2, '5914805555555581'),
(33, 68, '1984-12-01', 1, '5914805555555582'),
(34, 69, '1993-06-18', 2, '5914805555555583'),
(35, 70, '1974-04-09', 1, '5914805555555584');
SELECT setval('patients_id_seq', (SELECT MAX(id) FROM patients));

-- 8. Врачи
INSERT INTO doctors (id, user_id, hide, bio, experience_years) VALUES
(1, 1, false, 'Врач высшей категории, регулярно повышает квалификацию.', 3),
(2, 2, false, 'Специализируется на ведении пациентов с хроническими заболеваниями.', 4),
(3, 3, false, 'Член профессиональных медицинских ассоциаций.', 5),
(4, 4, false, 'Ведёт приём взрослых пациентов, опыт работы в стационаре.', 6),
(5, 5, false, 'Проводит диагностику и подбор индивидуальной терапии.', 7),
(6, 6, false, 'Уделяет внимание профилактике и здоровому образу жизни.', 8),
(7, 7, false, 'Практикует доказательный подход к назначениям.', 9),
(8, 8, false, 'Консультирует по вопросам подготовки к операции и реабилитации.', 10),
(9, 9, false, 'Врач высшей категории, регулярно повышает квалификацию.', 11),
(10, 10, false, 'Специализируется на ведении пациентов с хроническими заболеваниями.', 12),
(11, 11, false, 'Член профессиональных медицинских ассоциаций.', 13),
(12, 12, false, 'Ведёт приём взрослых пациентов, опыт работы в стационаре.', 14),
(13, 13, false, 'Проводит диагностику и подбор индивидуальной терапии.', 15),
(14, 14, false, 'Уделяет внимание профилактике и здоровому образу жизни.', 16),
(15, 15, false, 'Практикует доказательный подход к назначениям.', 17),
(16, 16, false, 'Консультирует по вопросам подготовки к операции и реабилитации.', 18),
(17, 17, false, 'Врач высшей категории, регулярно повышает квалификацию.', 19),
(18, 18, false, 'Специализируется на ведении пациентов с хроническими заболеваниями.', 20),
(19, 19, false, 'Член профессиональных медицинских ассоциаций.', 21),
(20, 20, false, 'Ведёт приём взрослых пациентов, опыт работы в стационаре.', 22),
(21, 21, false, 'Проводит диагностику и подбор индивидуальной терапии.', 23),
(22, 22, false, 'Уделяет внимание профилактике и здоровому образу жизни.', 24),
(23, 23, false, 'Практикует доказательный подход к назначениям.', 25),
(24, 24, false, 'Консультирует по вопросам подготовки к операции и реабилитации.', 3),
(25, 25, false, 'Врач высшей категории, регулярно повышает квалификацию.', 4),
(26, 26, false, 'Специализируется на ведении пациентов с хроническими заболеваниями.', 5),
(27, 27, false, 'Член профессиональных медицинских ассоциаций.', 6),
(28, 28, false, 'Ведёт приём взрослых пациентов, опыт работы в стационаре.', 7),
(29, 29, false, 'Проводит диагностику и подбор индивидуальной терапии.', 8),
(30, 30, false, 'Уделяет внимание профилактике и здоровому образу жизни.', 9),
(31, 31, false, 'Практикует доказательный подход к назначениям.', 10),
(32, 32, false, 'Консультирует по вопросам подготовки к операции и реабилитации.', 11),
(33, 33, false, 'Врач высшей категории, регулярно повышает квалификацию.', 12),
(34, 34, false, 'Специализируется на ведении пациентов с хроническими заболеваниями.', 13),
(35, 35, false, 'Член профессиональных медицинских ассоциаций.', 14);
SELECT setval('doctors_id_seq', (SELECT MAX(id) FROM doctors));

-- 9. Врач — специализация
INSERT INTO doctor_specializations (doctor_id, specialization_id) VALUES
(1, 2),
(2, 2),
(1, 1),
(3, 3),
(4, 4),
(5, 5),
(6, 6),
(7, 7),
(8, 8),
(9, 9),
(10, 10),
(11, 11),
(12, 12),
(13, 13),
(14, 14),
(15, 15),
(16, 16),
(17, 17),
(18, 18),
(19, 19),
(20, 20),
(21, 21),
(22, 22),
(23, 23),
(24, 24),
(25, 25),
(26, 26),
(27, 27),
(28, 28),
(29, 29),
(30, 30),
(31, 31),
(32, 32),
(33, 33),
(34, 34),
(35, 35),
(1, 36),
(2, 37),
(3, 38),
(4, 39),
(5, 40),
(3, 26),
(4, 11),
(5, 10),
(6, 18),
(7, 25),
(8, 27),
(9, 13),
(10, 20),
(11, 33),
(12, 24);

-- 10. Услуги по специализациям
INSERT INTO specialization_services (specialization_id, service_id, is_active) VALUES
(1, 1, true),
(1, 2, true),
(1, 3, true),
(1, 4, true),
(1, 5, true),
(1, 6, true),
(1, 7, true),
(1, 8, true),
(2, 9, true),
(2, 3, true),
(2, 10, true),
(2, 4, true),
(2, 11, true),
(2, 5, true),
(2, 6, true),
(2, 7, true),
(3, 12, true),
(3, 13, true),
(3, 5, true),
(3, 6, true),
(3, 7, true),
(4, 14, true),
(4, 15, true),
(4, 16, true),
(5, 5, true),
(5, 6, true),
(5, 7, true),
(5, 8, true),
(5, 17, true),
(5, 18, true),
(5, 19, true),
(5, 20, true),
(6, 21, true),
(6, 22, true),
(6, 23, true),
(6, 11, true),
(6, 5, true),
(6, 6, true),
(6, 7, true),
(7, 24, true),
(7, 25, true),
(8, 26, true),
(8, 27, true),
(9, 28, true),
(9, 29, true),
(10, 30, true),
(10, 31, true),
(10, 5, true),
(10, 6, true),
(10, 7, true),
(11, 32, true),
(11, 33, true),
(11, 5, true),
(11, 6, true),
(11, 7, true),
(11, 34, true),
(12, 35, true),
(12, 36, true),
(12, 5, true),
(12, 6, true),
(12, 7, true),
(12, 17, true),
(12, 18, true),
(13, 37, true),
(13, 38, true),
(13, 5, true),
(13, 6, true),
(13, 7, true),
(14, 4, true),
(14, 33, true),
(14, 39, true),
(14, 40, true),
(14, 5, true),
(14, 6, true),
(14, 7, true),
(15, 41, true),
(15, 40, true),
(15, 42, true),
(15, 5, true),
(15, 6, true),
(15, 7, true),
(16, 43, true),
(16, 44, true),
(16, 45, true),
(16, 42, true),
(16, 5, true),
(16, 6, true),
(16, 7, true),
(16, 8, true),
(17, 45, true),
(17, 5, true),
(17, 6, true),
(17, 7, true),
(17, 8, true),
(18, 46, true),
(18, 5, true),
(18, 6, true),
(18, 7, true),
(18, 47, true),
(18, 48, true),
(18, 49, true),
(18, 50, true),
(19, 46, true),
(20, 51, true),
(20, 52, true),
(21, 53, true),
(21, 5, true),
(21, 6, true),
(21, 7, true),
(21, 17, true),
(22, 54, true),
(22, 5, true),
(22, 6, true),
(22, 7, true),
(22, 8, true),
(22, 17, true),
(22, 18, true),
(22, 55, true),
(23, 56, true),
(23, 38, true),
(23, 23, true),
(23, 5, true),
(23, 6, true),
(23, 7, true),
(23, 17, true),
(24, 23, true),
(24, 57, true),
(25, 31, true),
(25, 33, true),
(25, 40, true),
(25, 42, true),
(25, 11, true),
(25, 58, true),
(25, 59, true),
(26, 3, true),
(26, 10, true),
(26, 4, true),
(26, 22, true),
(26, 36, true),
(26, 60, true),
(27, 1, true),
(27, 2, true),
(27, 3, true),
(27, 5, true),
(27, 6, true),
(27, 7, true),
(28, 61, true),
(28, 34, true),
(29, 55, true),
(29, 59, true),
(30, 8, true),
(30, 62, true),
(31, 11, true),
(31, 19, true),
(31, 63, true),
(31, 58, true),
(32, 25, true),
(32, 19, true),
(32, 64, true),
(33, 5, true),
(33, 6, true),
(33, 7, true),
(33, 8, true),
(33, 65, true),
(34, 66, true),
(35, 67, true),
(36, 68, true),
(37, 69, true),
(38, 70, true),
(39, 71, true),
(40, 72, true);

-- 11. Расписание
INSERT INTO doctor_schedules (id, doctor_id, room_id, dateAt, start_time, end_time, slot_duration_minutes) VALUES
(1, 1, 1, CURRENT_DATE - 7, '09:00', '13:00', 30),
(2, 1, 1, CURRENT_DATE + 7, '14:00', '18:00', 30),
(3, 2, 2, CURRENT_DATE - 7, '09:00', '13:00', 30),
(4, 2, 2, CURRENT_DATE + 7, '14:00', '18:00', 30),
(5, 3, 3, CURRENT_DATE - 7, '09:00', '13:00', 30),
(6, 3, 3, CURRENT_DATE + 7, '14:00', '18:00', 30),
(7, 4, 4, CURRENT_DATE - 7, '09:00', '13:00', 30),
(8, 4, 4, CURRENT_DATE + 7, '14:00', '18:00', 30),
(9, 5, 5, CURRENT_DATE - 7, '09:00', '13:00', 30),
(10, 5, 5, CURRENT_DATE + 7, '14:00', '18:00', 30),
(11, 6, 6, CURRENT_DATE - 7, '09:00', '13:00', 30),
(12, 6, 6, CURRENT_DATE + 7, '14:00', '18:00', 30),
(13, 7, 7, CURRENT_DATE - 7, '09:00', '13:00', 30),
(14, 7, 7, CURRENT_DATE + 7, '14:00', '18:00', 30),
(15, 8, 8, CURRENT_DATE - 7, '09:00', '13:00', 30),
(16, 8, 8, CURRENT_DATE + 7, '14:00', '18:00', 30),
(17, 9, 9, CURRENT_DATE - 7, '09:00', '13:00', 30),
(18, 9, 9, CURRENT_DATE + 7, '14:00', '18:00', 30),
(19, 10, 10, CURRENT_DATE - 7, '09:00', '13:00', 30),
(20, 10, 10, CURRENT_DATE + 7, '14:00', '18:00', 30),
(21, 11, 11, CURRENT_DATE - 7, '09:00', '13:00', 30),
(22, 11, 11, CURRENT_DATE + 7, '14:00', '18:00', 30),
(23, 12, 1, CURRENT_DATE - 7, '09:00', '13:00', 30),
(24, 12, 1, CURRENT_DATE + 7, '14:00', '18:00', 30),
(25, 13, 2, CURRENT_DATE - 7, '09:00', '13:00', 30),
(26, 13, 2, CURRENT_DATE + 7, '14:00', '18:00', 30),
(27, 14, 3, CURRENT_DATE - 7, '09:00', '13:00', 30),
(28, 14, 3, CURRENT_DATE + 7, '14:00', '18:00', 30),
(29, 15, 4, CURRENT_DATE - 7, '09:00', '13:00', 30),
(30, 15, 4, CURRENT_DATE + 7, '14:00', '18:00', 30),
(31, 16, 5, CURRENT_DATE - 7, '09:00', '13:00', 30),
(32, 16, 5, CURRENT_DATE + 7, '14:00', '18:00', 30),
(33, 17, 6, CURRENT_DATE - 7, '09:00', '13:00', 30),
(34, 17, 6, CURRENT_DATE + 7, '14:00', '18:00', 30),
(35, 18, 7, CURRENT_DATE - 7, '09:00', '13:00', 30),
(36, 18, 7, CURRENT_DATE + 7, '14:00', '18:00', 30),
(37, 19, 8, CURRENT_DATE - 7, '09:00', '13:00', 30),
(38, 19, 8, CURRENT_DATE + 7, '14:00', '18:00', 30),
(39, 20, 9, CURRENT_DATE - 7, '09:00', '13:00', 30),
(40, 20, 9, CURRENT_DATE + 7, '14:00', '18:00', 30),
(41, 21, 10, CURRENT_DATE - 7, '09:00', '13:00', 30),
(42, 21, 10, CURRENT_DATE + 7, '14:00', '18:00', 30),
(43, 22, 11, CURRENT_DATE - 7, '09:00', '13:00', 30),
(44, 22, 11, CURRENT_DATE + 7, '14:00', '18:00', 30),
(45, 23, 1, CURRENT_DATE - 7, '09:00', '13:00', 30),
(46, 23, 1, CURRENT_DATE + 7, '14:00', '18:00', 30),
(47, 24, 2, CURRENT_DATE - 7, '09:00', '13:00', 30),
(48, 24, 2, CURRENT_DATE + 7, '14:00', '18:00', 30),
(49, 25, 3, CURRENT_DATE - 7, '09:00', '13:00', 30),
(50, 25, 3, CURRENT_DATE + 7, '14:00', '18:00', 30),
(51, 26, 4, CURRENT_DATE - 7, '09:00', '13:00', 30),
(52, 26, 4, CURRENT_DATE + 7, '14:00', '18:00', 30),
(53, 27, 5, CURRENT_DATE - 7, '09:00', '13:00', 30),
(54, 27, 5, CURRENT_DATE + 7, '14:00', '18:00', 30),
(55, 28, 6, CURRENT_DATE - 7, '09:00', '13:00', 30),
(56, 28, 6, CURRENT_DATE + 7, '14:00', '18:00', 30),
(57, 29, 7, CURRENT_DATE - 7, '09:00', '13:00', 30),
(58, 29, 7, CURRENT_DATE + 7, '14:00', '18:00', 30),
(59, 30, 8, CURRENT_DATE - 7, '09:00', '13:00', 30),
(60, 30, 8, CURRENT_DATE + 7, '14:00', '18:00', 30),
(61, 31, 9, CURRENT_DATE - 7, '09:00', '13:00', 30),
(62, 31, 9, CURRENT_DATE + 7, '14:00', '18:00', 30),
(63, 32, 10, CURRENT_DATE - 7, '09:00', '13:00', 30),
(64, 32, 10, CURRENT_DATE + 7, '14:00', '18:00', 30),
(65, 33, 11, CURRENT_DATE - 7, '09:00', '13:00', 30),
(66, 33, 11, CURRENT_DATE + 7, '14:00', '18:00', 30),
(67, 34, 1, CURRENT_DATE - 7, '09:00', '13:00', 30),
(68, 34, 1, CURRENT_DATE + 7, '14:00', '18:00', 30),
(69, 35, 2, CURRENT_DATE - 7, '09:00', '13:00', 30),
(70, 35, 2, CURRENT_DATE + 7, '14:00', '18:00', 30);
SELECT setval('doctor_schedules_id_seq', (SELECT MAX(id) FROM doctor_schedules));

-- 12. Приёмы
INSERT INTO appointments (id, schedule_id, doctor_id, patient_id, room_id, service_id, diagnosis_id, start_time, end_time, status, source, created_by, cancel_reason, complaints, anamnesis, recommendations) VALUES
(1, 1, 1, 2, 1, 9, 21, ((CURRENT_DATE - 6)::date + TIME '09:00:00')::timestamptz, ((CURRENT_DATE - 6)::date + TIME '09:00:00' + make_interval(mins => 40))::timestamptz, 'completed', 'mobile', 71, NULL, 'Жалобы на слабость и недомогание.', 'Заболевание развивается постепенно, обострения 2–3 раза в год.', 'Продолжить назначенную терапию, контроль через 2 недели.'),
(2, 1, 1, 3, 1, 3, 22, ((CURRENT_DATE - 9)::date + TIME '10:00:00')::timestamptz, ((CURRENT_DATE - 9)::date + TIME '10:00:00' + make_interval(mins => 20))::timestamptz, 'completed', 'web', 71, NULL, 'Периодические боли, усиливающиеся при нагрузке.', 'Хронические заболевания в анамнезе, аллергии отрицает.', 'Лабораторное обследование, повторный приём с результатами.'),
(3, 1, 1, 4, 1, 10, 23, ((CURRENT_DATE - 12)::date + TIME '11:00:00')::timestamptz, ((CURRENT_DATE - 12)::date + TIME '11:00:00' + make_interval(mins => 45))::timestamptz, 'completed', 'reception', 71, NULL, 'Снижение работоспособности в течение нескольких недель.', 'Принимает постоянную терапию по назначению врача.', 'Диета, режим сна, умеренная физическая активность.'),
(4, 1, 1, 5, 1, 4, 24, ((CURRENT_DATE - 15)::date + TIME '12:00:00')::timestamptz, ((CURRENT_DATE - 15)::date + TIME '12:00:00' + make_interval(mins => 30))::timestamptz, 'completed', 'admin', 71, NULL, 'Кашель и дискомфорт в горле.', 'Наследственность не отягощена.', 'Консультация смежного специалиста при сохранении симптомов.'),
(5, 1, 1, 6, 1, 11, NULL, ((CURRENT_DATE - 18)::date + TIME '09:00:00')::timestamptz, ((CURRENT_DATE - 18)::date + TIME '09:00:00' + make_interval(mins => 35))::timestamptz, 'cancelled', 'mobile', 71, 'Отмена по просьбе пациента, форс-мажор.', NULL, NULL, NULL),
(6, 1, 1, 7, 1, 5, NULL, ((CURRENT_DATE - 21)::date + TIME '10:00:00')::timestamptz, ((CURRENT_DATE - 21)::date + TIME '10:00:00' + make_interval(mins => 15))::timestamptz, 'no_show', 'web', 71, NULL, NULL, NULL, NULL),
(7, 3, 2, 3, 2, 9, 21, ((CURRENT_DATE - 7)::date + TIME '09:00:00')::timestamptz, ((CURRENT_DATE - 7)::date + TIME '09:00:00' + make_interval(mins => 40))::timestamptz, 'completed', 'mobile', 71, NULL, 'Жалобы на слабость и недомогание.', 'Заболевание развивается постепенно, обострения 2–3 раза в год.', 'Продолжить назначенную терапию, контроль через 2 недели.'),
(8, 3, 2, 4, 2, 3, 22, ((CURRENT_DATE - 10)::date + TIME '10:00:00')::timestamptz, ((CURRENT_DATE - 10)::date + TIME '10:00:00' + make_interval(mins => 20))::timestamptz, 'completed', 'web', 71, NULL, 'Периодические боли, усиливающиеся при нагрузке.', 'Хронические заболевания в анамнезе, аллергии отрицает.', 'Лабораторное обследование, повторный приём с результатами.'),
(9, 3, 2, 5, 2, 10, 23, ((CURRENT_DATE - 13)::date + TIME '11:00:00')::timestamptz, ((CURRENT_DATE - 13)::date + TIME '11:00:00' + make_interval(mins => 45))::timestamptz, 'completed', 'reception', 71, NULL, 'Снижение работоспособности в течение нескольких недель.', 'Принимает постоянную терапию по назначению врача.', 'Диета, режим сна, умеренная физическая активность.'),
(10, 3, 2, 6, 2, 4, 24, ((CURRENT_DATE - 16)::date + TIME '12:00:00')::timestamptz, ((CURRENT_DATE - 16)::date + TIME '12:00:00' + make_interval(mins => 30))::timestamptz, 'completed', 'admin', 71, NULL, 'Кашель и дискомфорт в горле.', 'Наследственность не отягощена.', 'Консультация смежного специалиста при сохранении симптомов.'),
(11, 3, 2, 7, 2, 11, NULL, ((CURRENT_DATE - 19)::date + TIME '09:00:00')::timestamptz, ((CURRENT_DATE - 19)::date + TIME '09:00:00' + make_interval(mins => 35))::timestamptz, 'cancelled', 'mobile', 71, 'Отмена по просьбе пациента, форс-мажор.', NULL, NULL, NULL),
(12, 3, 2, 8, 2, 5, NULL, ((CURRENT_DATE - 22)::date + TIME '10:00:00')::timestamptz, ((CURRENT_DATE - 22)::date + TIME '10:00:00' + make_interval(mins => 15))::timestamptz, 'no_show', 'web', 71, NULL, NULL, NULL, NULL),
(13, 5, 3, 4, 3, 12, 41, ((CURRENT_DATE - 8)::date + TIME '09:00:00')::timestamptz, ((CURRENT_DATE - 8)::date + TIME '09:00:00' + make_interval(mins => 30))::timestamptz, 'completed', 'mobile', 71, NULL, 'Жалобы на слабость и недомогание.', 'Заболевание развивается постепенно, обострения 2–3 раза в год.', 'Продолжить назначенную терапию, контроль через 2 недели.'),
(14, 5, 3, 5, 3, 13, 42, ((CURRENT_DATE - 11)::date + TIME '10:00:00')::timestamptz, ((CURRENT_DATE - 11)::date + TIME '10:00:00' + make_interval(mins => 25))::timestamptz, 'completed', 'web', 71, NULL, 'Периодические боли, усиливающиеся при нагрузке.', 'Хронические заболевания в анамнезе, аллергии отрицает.', 'Лабораторное обследование, повторный приём с результатами.'),
(15, 5, 3, 6, 3, 5, 43, ((CURRENT_DATE - 14)::date + TIME '11:00:00')::timestamptz, ((CURRENT_DATE - 14)::date + TIME '11:00:00' + make_interval(mins => 15))::timestamptz, 'completed', 'reception', 71, NULL, 'Снижение работоспособности в течение нескольких недель.', 'Принимает постоянную терапию по назначению врача.', 'Диета, режим сна, умеренная физическая активность.'),
(16, 5, 3, 7, 3, 6, 44, ((CURRENT_DATE - 17)::date + TIME '12:00:00')::timestamptz, ((CURRENT_DATE - 17)::date + TIME '12:00:00' + make_interval(mins => 15))::timestamptz, 'completed', 'admin', 71, NULL, 'Кашель и дискомфорт в горле.', 'Наследственность не отягощена.', 'Консультация смежного специалиста при сохранении симптомов.'),
(17, 5, 3, 8, 3, 7, NULL, ((CURRENT_DATE - 20)::date + TIME '09:00:00')::timestamptz, ((CURRENT_DATE - 20)::date + TIME '09:00:00' + make_interval(mins => 15))::timestamptz, 'cancelled', 'mobile', 71, 'Отмена по просьбе пациента, форс-мажор.', NULL, NULL, NULL),
(18, 5, 3, 9, 3, 12, NULL, ((CURRENT_DATE - 23)::date + TIME '10:00:00')::timestamptz, ((CURRENT_DATE - 23)::date + TIME '10:00:00' + make_interval(mins => 30))::timestamptz, 'no_show', 'web', 71, NULL, NULL, NULL, NULL),
(19, 7, 4, 5, 4, 14, 61, ((CURRENT_DATE - 9)::date + TIME '09:00:00')::timestamptz, ((CURRENT_DATE - 9)::date + TIME '09:00:00' + make_interval(mins => 30))::timestamptz, 'completed', 'mobile', 71, NULL, 'Жалобы на слабость и недомогание.', 'Заболевание развивается постепенно, обострения 2–3 раза в год.', 'Продолжить назначенную терапию, контроль через 2 недели.'),
(20, 7, 4, 6, 4, 15, 62, ((CURRENT_DATE - 12)::date + TIME '10:00:00')::timestamptz, ((CURRENT_DATE - 12)::date + TIME '10:00:00' + make_interval(mins => 60))::timestamptz, 'completed', 'web', 71, NULL, 'Периодические боли, усиливающиеся при нагрузке.', 'Хронические заболевания в анамнезе, аллергии отрицает.', 'Лабораторное обследование, повторный приём с результатами.'),
(21, 7, 4, 7, 4, 16, 63, ((CURRENT_DATE - 15)::date + TIME '11:00:00')::timestamptz, ((CURRENT_DATE - 15)::date + TIME '11:00:00' + make_interval(mins => 45))::timestamptz, 'completed', 'reception', 71, NULL, 'Снижение работоспособности в течение нескольких недель.', 'Принимает постоянную терапию по назначению врача.', 'Диета, режим сна, умеренная физическая активность.'),
(22, 7, 4, 8, 4, 14, 64, ((CURRENT_DATE - 18)::date + TIME '12:00:00')::timestamptz, ((CURRENT_DATE - 18)::date + TIME '12:00:00' + make_interval(mins => 30))::timestamptz, 'completed', 'admin', 71, NULL, 'Кашель и дискомфорт в горле.', 'Наследственность не отягощена.', 'Консультация смежного специалиста при сохранении симптомов.'),
(23, 7, 4, 9, 4, 15, NULL, ((CURRENT_DATE - 21)::date + TIME '09:00:00')::timestamptz, ((CURRENT_DATE - 21)::date + TIME '09:00:00' + make_interval(mins => 60))::timestamptz, 'cancelled', 'mobile', 71, 'Отмена по просьбе пациента, форс-мажор.', NULL, NULL, NULL),
(24, 7, 4, 10, 4, 16, NULL, ((CURRENT_DATE - 24)::date + TIME '10:00:00')::timestamptz, ((CURRENT_DATE - 24)::date + TIME '10:00:00' + make_interval(mins => 45))::timestamptz, 'no_show', 'web', 71, NULL, NULL, NULL, NULL),
(25, 9, 5, 6, 5, 5, 81, ((CURRENT_DATE - 10)::date + TIME '09:00:00')::timestamptz, ((CURRENT_DATE - 10)::date + TIME '09:00:00' + make_interval(mins => 15))::timestamptz, 'completed', 'mobile', 71, NULL, 'Жалобы на слабость и недомогание.', 'Заболевание развивается постепенно, обострения 2–3 раза в год.', 'Продолжить назначенную терапию, контроль через 2 недели.'),
(26, 9, 5, 7, 5, 6, 82, ((CURRENT_DATE - 13)::date + TIME '10:00:00')::timestamptz, ((CURRENT_DATE - 13)::date + TIME '10:00:00' + make_interval(mins => 15))::timestamptz, 'completed', 'web', 71, NULL, 'Периодические боли, усиливающиеся при нагрузке.', 'Хронические заболевания в анамнезе, аллергии отрицает.', 'Лабораторное обследование, повторный приём с результатами.'),
(27, 9, 5, 8, 5, 7, 83, ((CURRENT_DATE - 16)::date + TIME '11:00:00')::timestamptz, ((CURRENT_DATE - 16)::date + TIME '11:00:00' + make_interval(mins => 15))::timestamptz, 'completed', 'reception', 71, NULL, 'Снижение работоспособности в течение нескольких недель.', 'Принимает постоянную терапию по назначению врача.', 'Диета, режим сна, умеренная физическая активность.'),
(28, 9, 5, 9, 5, 8, 84, ((CURRENT_DATE - 19)::date + TIME '12:00:00')::timestamptz, ((CURRENT_DATE - 19)::date + TIME '12:00:00' + make_interval(mins => 15))::timestamptz, 'completed', 'admin', 71, NULL, 'Кашель и дискомфорт в горле.', 'Наследственность не отягощена.', 'Консультация смежного специалиста при сохранении симптомов.'),
(29, 9, 5, 10, 5, 17, NULL, ((CURRENT_DATE - 22)::date + TIME '09:00:00')::timestamptz, ((CURRENT_DATE - 22)::date + TIME '09:00:00' + make_interval(mins => 20))::timestamptz, 'cancelled', 'mobile', 71, 'Отмена по просьбе пациента, форс-мажор.', NULL, NULL, NULL),
(30, 9, 5, 11, 5, 18, NULL, ((CURRENT_DATE - 25)::date + TIME '10:00:00')::timestamptz, ((CURRENT_DATE - 25)::date + TIME '10:00:00' + make_interval(mins => 45))::timestamptz, 'no_show', 'web', 71, NULL, NULL, NULL, NULL),
(31, 11, 6, 7, 6, 21, 101, ((CURRENT_DATE - 11)::date + TIME '09:00:00')::timestamptz, ((CURRENT_DATE - 11)::date + TIME '09:00:00' + make_interval(mins => 40))::timestamptz, 'completed', 'mobile', 71, NULL, 'Жалобы на слабость и недомогание.', 'Заболевание развивается постепенно, обострения 2–3 раза в год.', 'Продолжить назначенную терапию, контроль через 2 недели.'),
(32, 11, 6, 8, 6, 22, 102, ((CURRENT_DATE - 14)::date + TIME '10:00:00')::timestamptz, ((CURRENT_DATE - 14)::date + TIME '10:00:00' + make_interval(mins => 60))::timestamptz, 'completed', 'web', 71, NULL, 'Периодические боли, усиливающиеся при нагрузке.', 'Хронические заболевания в анамнезе, аллергии отрицает.', 'Лабораторное обследование, повторный приём с результатами.'),
(33, 11, 6, 9, 6, 23, 103, ((CURRENT_DATE - 17)::date + TIME '11:00:00')::timestamptz, ((CURRENT_DATE - 17)::date + TIME '11:00:00' + make_interval(mins => 30))::timestamptz, 'completed', 'reception', 71, NULL, 'Снижение работоспособности в течение нескольких недель.', 'Принимает постоянную терапию по назначению врача.', 'Диета, режим сна, умеренная физическая активность.'),
(34, 11, 6, 10, 6, 11, 104, ((CURRENT_DATE - 20)::date + TIME '12:00:00')::timestamptz, ((CURRENT_DATE - 20)::date + TIME '12:00:00' + make_interval(mins => 35))::timestamptz, 'completed', 'admin', 71, NULL, 'Кашель и дискомфорт в горле.', 'Наследственность не отягощена.', 'Консультация смежного специалиста при сохранении симптомов.'),
(35, 11, 6, 11, 6, 5, NULL, ((CURRENT_DATE - 23)::date + TIME '09:00:00')::timestamptz, ((CURRENT_DATE - 23)::date + TIME '09:00:00' + make_interval(mins => 15))::timestamptz, 'cancelled', 'mobile', 71, 'Отмена по просьбе пациента, форс-мажор.', NULL, NULL, NULL),
(36, 11, 6, 12, 6, 6, NULL, ((CURRENT_DATE - 26)::date + TIME '10:00:00')::timestamptz, ((CURRENT_DATE - 26)::date + TIME '10:00:00' + make_interval(mins => 15))::timestamptz, 'no_show', 'web', 71, NULL, NULL, NULL, NULL),
(37, 13, 7, 8, 7, 24, 121, ((CURRENT_DATE - 12)::date + TIME '09:00:00')::timestamptz, ((CURRENT_DATE - 12)::date + TIME '09:00:00' + make_interval(mins => 30))::timestamptz, 'completed', 'mobile', 71, NULL, 'Жалобы на слабость и недомогание.', 'Заболевание развивается постепенно, обострения 2–3 раза в год.', 'Продолжить назначенную терапию, контроль через 2 недели.'),
(38, 13, 7, 9, 7, 25, 122, ((CURRENT_DATE - 15)::date + TIME '10:00:00')::timestamptz, ((CURRENT_DATE - 15)::date + TIME '10:00:00' + make_interval(mins => 30))::timestamptz, 'completed', 'web', 71, NULL, 'Периодические боли, усиливающиеся при нагрузке.', 'Хронические заболевания в анамнезе, аллергии отрицает.', 'Лабораторное обследование, повторный приём с результатами.'),
(39, 13, 7, 10, 7, 24, 123, ((CURRENT_DATE - 18)::date + TIME '11:00:00')::timestamptz, ((CURRENT_DATE - 18)::date + TIME '11:00:00' + make_interval(mins => 30))::timestamptz, 'completed', 'reception', 71, NULL, 'Снижение работоспособности в течение нескольких недель.', 'Принимает постоянную терапию по назначению врача.', 'Диета, режим сна, умеренная физическая активность.'),
(40, 13, 7, 11, 7, 25, 124, ((CURRENT_DATE - 21)::date + TIME '12:00:00')::timestamptz, ((CURRENT_DATE - 21)::date + TIME '12:00:00' + make_interval(mins => 30))::timestamptz, 'completed', 'admin', 71, NULL, 'Кашель и дискомфорт в горле.', 'Наследственность не отягощена.', 'Консультация смежного специалиста при сохранении симптомов.'),
(41, 13, 7, 12, 7, 24, NULL, ((CURRENT_DATE - 24)::date + TIME '09:00:00')::timestamptz, ((CURRENT_DATE - 24)::date + TIME '09:00:00' + make_interval(mins => 30))::timestamptz, 'cancelled', 'mobile', 71, 'Отмена по просьбе пациента, форс-мажор.', NULL, NULL, NULL),
(42, 13, 7, 13, 7, 25, NULL, ((CURRENT_DATE - 27)::date + TIME '10:00:00')::timestamptz, ((CURRENT_DATE - 27)::date + TIME '10:00:00' + make_interval(mins => 30))::timestamptz, 'no_show', 'web', 71, NULL, NULL, NULL, NULL),
(43, 15, 8, 9, 8, 26, 141, ((CURRENT_DATE - 13)::date + TIME '09:00:00')::timestamptz, ((CURRENT_DATE - 13)::date + TIME '09:00:00' + make_interval(mins => 30))::timestamptz, 'completed', 'mobile', 71, NULL, 'Жалобы на слабость и недомогание.', 'Заболевание развивается постепенно, обострения 2–3 раза в год.', 'Продолжить назначенную терапию, контроль через 2 недели.'),
(44, 15, 8, 10, 8, 27, 142, ((CURRENT_DATE - 16)::date + TIME '10:00:00')::timestamptz, ((CURRENT_DATE - 16)::date + TIME '10:00:00' + make_interval(mins => 20))::timestamptz, 'completed', 'web', 71, NULL, 'Периодические боли, усиливающиеся при нагрузке.', 'Хронические заболевания в анамнезе, аллергии отрицает.', 'Лабораторное обследование, повторный приём с результатами.'),
(45, 15, 8, 11, 8, 26, 143, ((CURRENT_DATE - 19)::date + TIME '11:00:00')::timestamptz, ((CURRENT_DATE - 19)::date + TIME '11:00:00' + make_interval(mins => 30))::timestamptz, 'completed', 'reception', 71, NULL, 'Снижение работоспособности в течение нескольких недель.', 'Принимает постоянную терапию по назначению врача.', 'Диета, режим сна, умеренная физическая активность.'),
(46, 15, 8, 12, 8, 27, 144, ((CURRENT_DATE - 22)::date + TIME '12:00:00')::timestamptz, ((CURRENT_DATE - 22)::date + TIME '12:00:00' + make_interval(mins => 20))::timestamptz, 'completed', 'admin', 71, NULL, 'Кашель и дискомфорт в горле.', 'Наследственность не отягощена.', 'Консультация смежного специалиста при сохранении симптомов.'),
(47, 15, 8, 13, 8, 26, NULL, ((CURRENT_DATE - 25)::date + TIME '09:00:00')::timestamptz, ((CURRENT_DATE - 25)::date + TIME '09:00:00' + make_interval(mins => 30))::timestamptz, 'cancelled', 'mobile', 71, 'Отмена по просьбе пациента, форс-мажор.', NULL, NULL, NULL),
(48, 15, 8, 14, 8, 27, NULL, ((CURRENT_DATE - 28)::date + TIME '10:00:00')::timestamptz, ((CURRENT_DATE - 28)::date + TIME '10:00:00' + make_interval(mins => 20))::timestamptz, 'no_show', 'web', 71, NULL, NULL, NULL, NULL),
(49, 17, 9, 10, 9, 28, 161, ((CURRENT_DATE - 14)::date + TIME '09:00:00')::timestamptz, ((CURRENT_DATE - 14)::date + TIME '09:00:00' + make_interval(mins => 35))::timestamptz, 'completed', 'mobile', 71, NULL, 'Жалобы на слабость и недомогание.', 'Заболевание развивается постепенно, обострения 2–3 раза в год.', 'Продолжить назначенную терапию, контроль через 2 недели.'),
(50, 17, 9, 11, 9, 29, 162, ((CURRENT_DATE - 17)::date + TIME '10:00:00')::timestamptz, ((CURRENT_DATE - 17)::date + TIME '10:00:00' + make_interval(mins => 45))::timestamptz, 'completed', 'web', 71, NULL, 'Периодические боли, усиливающиеся при нагрузке.', 'Хронические заболевания в анамнезе, аллергии отрицает.', 'Лабораторное обследование, повторный приём с результатами.'),
(51, 17, 9, 12, 9, 28, 163, ((CURRENT_DATE - 20)::date + TIME '11:00:00')::timestamptz, ((CURRENT_DATE - 20)::date + TIME '11:00:00' + make_interval(mins => 35))::timestamptz, 'completed', 'reception', 71, NULL, 'Снижение работоспособности в течение нескольких недель.', 'Принимает постоянную терапию по назначению врача.', 'Диета, режим сна, умеренная физическая активность.'),
(52, 17, 9, 13, 9, 29, 164, ((CURRENT_DATE - 23)::date + TIME '12:00:00')::timestamptz, ((CURRENT_DATE - 23)::date + TIME '12:00:00' + make_interval(mins => 45))::timestamptz, 'completed', 'admin', 71, NULL, 'Кашель и дискомфорт в горле.', 'Наследственность не отягощена.', 'Консультация смежного специалиста при сохранении симптомов.'),
(53, 17, 9, 14, 9, 28, NULL, ((CURRENT_DATE - 26)::date + TIME '09:00:00')::timestamptz, ((CURRENT_DATE - 26)::date + TIME '09:00:00' + make_interval(mins => 35))::timestamptz, 'cancelled', 'mobile', 71, 'Отмена по просьбе пациента, форс-мажор.', NULL, NULL, NULL),
(54, 17, 9, 15, 9, 29, NULL, ((CURRENT_DATE - 29)::date + TIME '10:00:00')::timestamptz, ((CURRENT_DATE - 29)::date + TIME '10:00:00' + make_interval(mins => 45))::timestamptz, 'no_show', 'web', 71, NULL, NULL, NULL, NULL),
(55, 19, 10, 11, 10, 30, 181, ((CURRENT_DATE - 15)::date + TIME '09:00:00')::timestamptz, ((CURRENT_DATE - 15)::date + TIME '09:00:00' + make_interval(mins => 40))::timestamptz, 'completed', 'mobile', 71, NULL, 'Жалобы на слабость и недомогание.', 'Заболевание развивается постепенно, обострения 2–3 раза в год.', 'Продолжить назначенную терапию, контроль через 2 недели.'),
(56, 19, 10, 12, 10, 31, 182, ((CURRENT_DATE - 18)::date + TIME '10:00:00')::timestamptz, ((CURRENT_DATE - 18)::date + TIME '10:00:00' + make_interval(mins => 25))::timestamptz, 'completed', 'web', 71, NULL, 'Периодические боли, усиливающиеся при нагрузке.', 'Хронические заболевания в анамнезе, аллергии отрицает.', 'Лабораторное обследование, повторный приём с результатами.'),
(57, 19, 10, 13, 10, 5, 183, ((CURRENT_DATE - 21)::date + TIME '11:00:00')::timestamptz, ((CURRENT_DATE - 21)::date + TIME '11:00:00' + make_interval(mins => 15))::timestamptz, 'completed', 'reception', 71, NULL, 'Снижение работоспособности в течение нескольких недель.', 'Принимает постоянную терапию по назначению врача.', 'Диета, режим сна, умеренная физическая активность.'),
(58, 19, 10, 14, 10, 6, 184, ((CURRENT_DATE - 24)::date + TIME '12:00:00')::timestamptz, ((CURRENT_DATE - 24)::date + TIME '12:00:00' + make_interval(mins => 15))::timestamptz, 'completed', 'admin', 71, NULL, 'Кашель и дискомфорт в горле.', 'Наследственность не отягощена.', 'Консультация смежного специалиста при сохранении симптомов.'),
(59, 19, 10, 15, 10, 7, NULL, ((CURRENT_DATE - 27)::date + TIME '09:00:00')::timestamptz, ((CURRENT_DATE - 27)::date + TIME '09:00:00' + make_interval(mins => 15))::timestamptz, 'cancelled', 'mobile', 71, 'Отмена по просьбе пациента, форс-мажор.', NULL, NULL, NULL),
(60, 19, 10, 16, 10, 30, NULL, ((CURRENT_DATE - 30)::date + TIME '10:00:00')::timestamptz, ((CURRENT_DATE - 30)::date + TIME '10:00:00' + make_interval(mins => 40))::timestamptz, 'no_show', 'web', 71, NULL, NULL, NULL, NULL),
(61, 21, 11, 12, 11, 32, 201, ((CURRENT_DATE - 16)::date + TIME '09:00:00')::timestamptz, ((CURRENT_DATE - 16)::date + TIME '09:00:00' + make_interval(mins => 40))::timestamptz, 'completed', 'mobile', 71, NULL, 'Жалобы на слабость и недомогание.', 'Заболевание развивается постепенно, обострения 2–3 раза в год.', 'Продолжить назначенную терапию, контроль через 2 недели.'),
(62, 21, 11, 13, 11, 33, 202, ((CURRENT_DATE - 19)::date + TIME '10:00:00')::timestamptz, ((CURRENT_DATE - 19)::date + TIME '10:00:00' + make_interval(mins => 30))::timestamptz, 'completed', 'web', 71, NULL, 'Периодические боли, усиливающиеся при нагрузке.', 'Хронические заболевания в анамнезе, аллергии отрицает.', 'Лабораторное обследование, повторный приём с результатами.'),
(63, 21, 11, 14, 11, 5, 203, ((CURRENT_DATE - 22)::date + TIME '11:00:00')::timestamptz, ((CURRENT_DATE - 22)::date + TIME '11:00:00' + make_interval(mins => 15))::timestamptz, 'completed', 'reception', 71, NULL, 'Снижение работоспособности в течение нескольких недель.', 'Принимает постоянную терапию по назначению врача.', 'Диета, режим сна, умеренная физическая активность.'),
(64, 21, 11, 15, 11, 6, 204, ((CURRENT_DATE - 25)::date + TIME '12:00:00')::timestamptz, ((CURRENT_DATE - 25)::date + TIME '12:00:00' + make_interval(mins => 15))::timestamptz, 'completed', 'admin', 71, NULL, 'Кашель и дискомфорт в горле.', 'Наследственность не отягощена.', 'Консультация смежного специалиста при сохранении симптомов.'),
(65, 21, 11, 16, 11, 7, NULL, ((CURRENT_DATE - 28)::date + TIME '09:00:00')::timestamptz, ((CURRENT_DATE - 28)::date + TIME '09:00:00' + make_interval(mins => 15))::timestamptz, 'cancelled', 'mobile', 71, 'Отмена по просьбе пациента, форс-мажор.', NULL, NULL, NULL),
(66, 21, 11, 17, 11, 34, NULL, ((CURRENT_DATE - 31)::date + TIME '10:00:00')::timestamptz, ((CURRENT_DATE - 31)::date + TIME '10:00:00' + make_interval(mins => 25))::timestamptz, 'no_show', 'web', 71, NULL, NULL, NULL, NULL),
(67, 23, 12, 13, 1, 35, 221, ((CURRENT_DATE - 17)::date + TIME '09:00:00')::timestamptz, ((CURRENT_DATE - 17)::date + TIME '09:00:00' + make_interval(mins => 35))::timestamptz, 'completed', 'mobile', 71, NULL, 'Жалобы на слабость и недомогание.', 'Заболевание развивается постепенно, обострения 2–3 раза в год.', 'Продолжить назначенную терапию, контроль через 2 недели.'),
(68, 23, 12, 14, 1, 36, 222, ((CURRENT_DATE - 20)::date + TIME '10:00:00')::timestamptz, ((CURRENT_DATE - 20)::date + TIME '10:00:00' + make_interval(mins => 30))::timestamptz, 'completed', 'web', 71, NULL, 'Периодические боли, усиливающиеся при нагрузке.', 'Хронические заболевания в анамнезе, аллергии отрицает.', 'Лабораторное обследование, повторный приём с результатами.'),
(69, 23, 12, 15, 1, 5, 223, ((CURRENT_DATE - 23)::date + TIME '11:00:00')::timestamptz, ((CURRENT_DATE - 23)::date + TIME '11:00:00' + make_interval(mins => 15))::timestamptz, 'completed', 'reception', 71, NULL, 'Снижение работоспособности в течение нескольких недель.', 'Принимает постоянную терапию по назначению врача.', 'Диета, режим сна, умеренная физическая активность.'),
(70, 23, 12, 16, 1, 6, 224, ((CURRENT_DATE - 26)::date + TIME '12:00:00')::timestamptz, ((CURRENT_DATE - 26)::date + TIME '12:00:00' + make_interval(mins => 15))::timestamptz, 'completed', 'admin', 71, NULL, 'Кашель и дискомфорт в горле.', 'Наследственность не отягощена.', 'Консультация смежного специалиста при сохранении симптомов.'),
(71, 23, 12, 17, 1, 7, NULL, ((CURRENT_DATE - 29)::date + TIME '09:00:00')::timestamptz, ((CURRENT_DATE - 29)::date + TIME '09:00:00' + make_interval(mins => 15))::timestamptz, 'cancelled', 'mobile', 71, 'Отмена по просьбе пациента, форс-мажор.', NULL, NULL, NULL),
(72, 23, 12, 18, 1, 17, NULL, ((CURRENT_DATE - 32)::date + TIME '10:00:00')::timestamptz, ((CURRENT_DATE - 32)::date + TIME '10:00:00' + make_interval(mins => 20))::timestamptz, 'no_show', 'web', 71, NULL, NULL, NULL, NULL),
(73, 25, 13, 14, 2, 37, 241, ((CURRENT_DATE - 18)::date + TIME '09:00:00')::timestamptz, ((CURRENT_DATE - 18)::date + TIME '09:00:00' + make_interval(mins => 40))::timestamptz, 'completed', 'mobile', 71, NULL, 'Жалобы на слабость и недомогание.', 'Заболевание развивается постепенно, обострения 2–3 раза в год.', 'Продолжить назначенную терапию, контроль через 2 недели.'),
(74, 25, 13, 15, 2, 38, 242, ((CURRENT_DATE - 21)::date + TIME '10:00:00')::timestamptz, ((CURRENT_DATE - 21)::date + TIME '10:00:00' + make_interval(mins => 30))::timestamptz, 'completed', 'web', 71, NULL, 'Периодические боли, усиливающиеся при нагрузке.', 'Хронические заболевания в анамнезе, аллергии отрицает.', 'Лабораторное обследование, повторный приём с результатами.'),
(75, 25, 13, 16, 2, 5, 243, ((CURRENT_DATE - 24)::date + TIME '11:00:00')::timestamptz, ((CURRENT_DATE - 24)::date + TIME '11:00:00' + make_interval(mins => 15))::timestamptz, 'completed', 'reception', 71, NULL, 'Снижение работоспособности в течение нескольких недель.', 'Принимает постоянную терапию по назначению врача.', 'Диета, режим сна, умеренная физическая активность.'),
(76, 25, 13, 17, 2, 6, 244, ((CURRENT_DATE - 27)::date + TIME '12:00:00')::timestamptz, ((CURRENT_DATE - 27)::date + TIME '12:00:00' + make_interval(mins => 15))::timestamptz, 'completed', 'admin', 71, NULL, 'Кашель и дискомфорт в горле.', 'Наследственность не отягощена.', 'Консультация смежного специалиста при сохранении симптомов.'),
(77, 25, 13, 18, 2, 7, NULL, ((CURRENT_DATE - 30)::date + TIME '09:00:00')::timestamptz, ((CURRENT_DATE - 30)::date + TIME '09:00:00' + make_interval(mins => 15))::timestamptz, 'cancelled', 'mobile', 71, 'Отмена по просьбе пациента, форс-мажор.', NULL, NULL, NULL),
(78, 25, 13, 19, 2, 37, NULL, ((CURRENT_DATE - 33)::date + TIME '10:00:00')::timestamptz, ((CURRENT_DATE - 33)::date + TIME '10:00:00' + make_interval(mins => 40))::timestamptz, 'no_show', 'web', 71, NULL, NULL, NULL, NULL),
(79, 27, 14, 15, 3, 4, 261, ((CURRENT_DATE - 19)::date + TIME '09:00:00')::timestamptz, ((CURRENT_DATE - 19)::date + TIME '09:00:00' + make_interval(mins => 30))::timestamptz, 'completed', 'mobile', 71, NULL, 'Жалобы на слабость и недомогание.', 'Заболевание развивается постепенно, обострения 2–3 раза в год.', 'Продолжить назначенную терапию, контроль через 2 недели.'),
(80, 27, 14, 16, 3, 33, 262, ((CURRENT_DATE - 22)::date + TIME '10:00:00')::timestamptz, ((CURRENT_DATE - 22)::date + TIME '10:00:00' + make_interval(mins => 30))::timestamptz, 'completed', 'web', 71, NULL, 'Периодические боли, усиливающиеся при нагрузке.', 'Хронические заболевания в анамнезе, аллергии отрицает.', 'Лабораторное обследование, повторный приём с результатами.'),
(81, 27, 14, 17, 3, 39, 263, ((CURRENT_DATE - 25)::date + TIME '11:00:00')::timestamptz, ((CURRENT_DATE - 25)::date + TIME '11:00:00' + make_interval(mins => 40))::timestamptz, 'completed', 'reception', 71, NULL, 'Снижение работоспособности в течение нескольких недель.', 'Принимает постоянную терапию по назначению врача.', 'Диета, режим сна, умеренная физическая активность.'),
(82, 27, 14, 18, 3, 40, 264, ((CURRENT_DATE - 28)::date + TIME '12:00:00')::timestamptz, ((CURRENT_DATE - 28)::date + TIME '12:00:00' + make_interval(mins => 25))::timestamptz, 'completed', 'admin', 71, NULL, 'Кашель и дискомфорт в горле.', 'Наследственность не отягощена.', 'Консультация смежного специалиста при сохранении симптомов.'),
(83, 27, 14, 19, 3, 5, NULL, ((CURRENT_DATE - 31)::date + TIME '09:00:00')::timestamptz, ((CURRENT_DATE - 31)::date + TIME '09:00:00' + make_interval(mins => 15))::timestamptz, 'cancelled', 'mobile', 71, 'Отмена по просьбе пациента, форс-мажор.', NULL, NULL, NULL),
(84, 27, 14, 20, 3, 6, NULL, ((CURRENT_DATE - 34)::date + TIME '10:00:00')::timestamptz, ((CURRENT_DATE - 34)::date + TIME '10:00:00' + make_interval(mins => 15))::timestamptz, 'no_show', 'web', 71, NULL, NULL, NULL, NULL),
(85, 29, 15, 16, 4, 41, 281, ((CURRENT_DATE - 20)::date + TIME '09:00:00')::timestamptz, ((CURRENT_DATE - 20)::date + TIME '09:00:00' + make_interval(mins => 30))::timestamptz, 'completed', 'mobile', 71, NULL, 'Жалобы на слабость и недомогание.', 'Заболевание развивается постепенно, обострения 2–3 раза в год.', 'Продолжить назначенную терапию, контроль через 2 недели.'),
(86, 29, 15, 17, 4, 40, 282, ((CURRENT_DATE - 23)::date + TIME '10:00:00')::timestamptz, ((CURRENT_DATE - 23)::date + TIME '10:00:00' + make_interval(mins => 25))::timestamptz, 'completed', 'web', 71, NULL, 'Периодические боли, усиливающиеся при нагрузке.', 'Хронические заболевания в анамнезе, аллергии отрицает.', 'Лабораторное обследование, повторный приём с результатами.'),
(87, 29, 15, 18, 4, 42, 283, ((CURRENT_DATE - 26)::date + TIME '11:00:00')::timestamptz, ((CURRENT_DATE - 26)::date + TIME '11:00:00' + make_interval(mins => 25))::timestamptz, 'completed', 'reception', 71, NULL, 'Снижение работоспособности в течение нескольких недель.', 'Принимает постоянную терапию по назначению врача.', 'Диета, режим сна, умеренная физическая активность.'),
(88, 29, 15, 19, 4, 5, 284, ((CURRENT_DATE - 29)::date + TIME '12:00:00')::timestamptz, ((CURRENT_DATE - 29)::date + TIME '12:00:00' + make_interval(mins => 15))::timestamptz, 'completed', 'admin', 71, NULL, 'Кашель и дискомфорт в горле.', 'Наследственность не отягощена.', 'Консультация смежного специалиста при сохранении симптомов.'),
(89, 29, 15, 20, 4, 6, NULL, ((CURRENT_DATE - 32)::date + TIME '09:00:00')::timestamptz, ((CURRENT_DATE - 32)::date + TIME '09:00:00' + make_interval(mins => 15))::timestamptz, 'cancelled', 'mobile', 71, 'Отмена по просьбе пациента, форс-мажор.', NULL, NULL, NULL),
(90, 29, 15, 21, 4, 7, NULL, ((CURRENT_DATE - 35)::date + TIME '10:00:00')::timestamptz, ((CURRENT_DATE - 35)::date + TIME '10:00:00' + make_interval(mins => 15))::timestamptz, 'no_show', 'web', 71, NULL, NULL, NULL, NULL),
(91, 31, 16, 17, 5, 43, 301, ((CURRENT_DATE - 21)::date + TIME '09:00:00')::timestamptz, ((CURRENT_DATE - 21)::date + TIME '09:00:00' + make_interval(mins => 30))::timestamptz, 'completed', 'mobile', 71, NULL, 'Жалобы на слабость и недомогание.', 'Заболевание развивается постепенно, обострения 2–3 раза в год.', 'Продолжить назначенную терапию, контроль через 2 недели.'),
(92, 31, 16, 18, 5, 44, 302, ((CURRENT_DATE - 24)::date + TIME '10:00:00')::timestamptz, ((CURRENT_DATE - 24)::date + TIME '10:00:00' + make_interval(mins => 25))::timestamptz, 'completed', 'web', 71, NULL, 'Периодические боли, усиливающиеся при нагрузке.', 'Хронические заболевания в анамнезе, аллергии отрицает.', 'Лабораторное обследование, повторный приём с результатами.'),
(93, 31, 16, 19, 5, 45, 303, ((CURRENT_DATE - 27)::date + TIME '11:00:00')::timestamptz, ((CURRENT_DATE - 27)::date + TIME '11:00:00' + make_interval(mins => 40))::timestamptz, 'completed', 'reception', 71, NULL, 'Снижение работоспособности в течение нескольких недель.', 'Принимает постоянную терапию по назначению врача.', 'Диета, режим сна, умеренная физическая активность.'),
(94, 31, 16, 20, 5, 42, 304, ((CURRENT_DATE - 30)::date + TIME '12:00:00')::timestamptz, ((CURRENT_DATE - 30)::date + TIME '12:00:00' + make_interval(mins => 25))::timestamptz, 'completed', 'admin', 71, NULL, 'Кашель и дискомфорт в горле.', 'Наследственность не отягощена.', 'Консультация смежного специалиста при сохранении симптомов.'),
(95, 31, 16, 21, 5, 5, NULL, ((CURRENT_DATE - 33)::date + TIME '09:00:00')::timestamptz, ((CURRENT_DATE - 33)::date + TIME '09:00:00' + make_interval(mins => 15))::timestamptz, 'cancelled', 'mobile', 71, 'Отмена по просьбе пациента, форс-мажор.', NULL, NULL, NULL),
(96, 31, 16, 22, 5, 6, NULL, ((CURRENT_DATE - 36)::date + TIME '10:00:00')::timestamptz, ((CURRENT_DATE - 36)::date + TIME '10:00:00' + make_interval(mins => 15))::timestamptz, 'no_show', 'web', 71, NULL, NULL, NULL, NULL),
(97, 33, 17, 18, 6, 45, 321, ((CURRENT_DATE - 22)::date + TIME '09:00:00')::timestamptz, ((CURRENT_DATE - 22)::date + TIME '09:00:00' + make_interval(mins => 40))::timestamptz, 'completed', 'mobile', 71, NULL, 'Жалобы на слабость и недомогание.', 'Заболевание развивается постепенно, обострения 2–3 раза в год.', 'Продолжить назначенную терапию, контроль через 2 недели.'),
(98, 33, 17, 19, 6, 5, 322, ((CURRENT_DATE - 25)::date + TIME '10:00:00')::timestamptz, ((CURRENT_DATE - 25)::date + TIME '10:00:00' + make_interval(mins => 15))::timestamptz, 'completed', 'web', 71, NULL, 'Периодические боли, усиливающиеся при нагрузке.', 'Хронические заболевания в анамнезе, аллергии отрицает.', 'Лабораторное обследование, повторный приём с результатами.'),
(99, 33, 17, 20, 6, 6, 323, ((CURRENT_DATE - 28)::date + TIME '11:00:00')::timestamptz, ((CURRENT_DATE - 28)::date + TIME '11:00:00' + make_interval(mins => 15))::timestamptz, 'completed', 'reception', 71, NULL, 'Снижение работоспособности в течение нескольких недель.', 'Принимает постоянную терапию по назначению врача.', 'Диета, режим сна, умеренная физическая активность.'),
(100, 33, 17, 21, 6, 7, 324, ((CURRENT_DATE - 31)::date + TIME '12:00:00')::timestamptz, ((CURRENT_DATE - 31)::date + TIME '12:00:00' + make_interval(mins => 15))::timestamptz, 'completed', 'admin', 71, NULL, 'Кашель и дискомфорт в горле.', 'Наследственность не отягощена.', 'Консультация смежного специалиста при сохранении симптомов.'),
(101, 33, 17, 22, 6, 8, NULL, ((CURRENT_DATE - 34)::date + TIME '09:00:00')::timestamptz, ((CURRENT_DATE - 34)::date + TIME '09:00:00' + make_interval(mins => 15))::timestamptz, 'cancelled', 'mobile', 71, 'Отмена по просьбе пациента, форс-мажор.', NULL, NULL, NULL),
(102, 33, 17, 23, 6, 45, NULL, ((CURRENT_DATE - 37)::date + TIME '10:00:00')::timestamptz, ((CURRENT_DATE - 37)::date + TIME '10:00:00' + make_interval(mins => 40))::timestamptz, 'no_show', 'web', 71, NULL, NULL, NULL, NULL),
(103, 35, 18, 19, 7, 46, 341, ((CURRENT_DATE - 23)::date + TIME '09:00:00')::timestamptz, ((CURRENT_DATE - 23)::date + TIME '09:00:00' + make_interval(mins => 50))::timestamptz, 'completed', 'mobile', 71, NULL, 'Жалобы на слабость и недомогание.', 'Заболевание развивается постепенно, обострения 2–3 раза в год.', 'Продолжить назначенную терапию, контроль через 2 недели.'),
(104, 35, 18, 20, 7, 5, 342, ((CURRENT_DATE - 26)::date + TIME '10:00:00')::timestamptz, ((CURRENT_DATE - 26)::date + TIME '10:00:00' + make_interval(mins => 15))::timestamptz, 'completed', 'web', 71, NULL, 'Периодические боли, усиливающиеся при нагрузке.', 'Хронические заболевания в анамнезе, аллергии отрицает.', 'Лабораторное обследование, повторный приём с результатами.'),
(105, 35, 18, 21, 7, 6, 343, ((CURRENT_DATE - 29)::date + TIME '11:00:00')::timestamptz, ((CURRENT_DATE - 29)::date + TIME '11:00:00' + make_interval(mins => 15))::timestamptz, 'completed', 'reception', 71, NULL, 'Снижение работоспособности в течение нескольких недель.', 'Принимает постоянную терапию по назначению врача.', 'Диета, режим сна, умеренная физическая активность.'),
(106, 35, 18, 22, 7, 7, 344, ((CURRENT_DATE - 32)::date + TIME '12:00:00')::timestamptz, ((CURRENT_DATE - 32)::date + TIME '12:00:00' + make_interval(mins => 15))::timestamptz, 'completed', 'admin', 71, NULL, 'Кашель и дискомфорт в горле.', 'Наследственность не отягощена.', 'Консультация смежного специалиста при сохранении симптомов.'),
(107, 35, 18, 23, 7, 47, NULL, ((CURRENT_DATE - 35)::date + TIME '09:00:00')::timestamptz, ((CURRENT_DATE - 35)::date + TIME '09:00:00' + make_interval(mins => 45))::timestamptz, 'cancelled', 'mobile', 71, 'Отмена по просьбе пациента, форс-мажор.', NULL, NULL, NULL),
(108, 35, 18, 24, 7, 48, NULL, ((CURRENT_DATE - 38)::date + TIME '10:00:00')::timestamptz, ((CURRENT_DATE - 38)::date + TIME '10:00:00' + make_interval(mins => 30))::timestamptz, 'no_show', 'web', 71, NULL, NULL, NULL, NULL),
(109, 37, 19, 20, 8, 46, 361, ((CURRENT_DATE - 24)::date + TIME '09:00:00')::timestamptz, ((CURRENT_DATE - 24)::date + TIME '09:00:00' + make_interval(mins => 50))::timestamptz, 'completed', 'mobile', 71, NULL, 'Жалобы на слабость и недомогание.', 'Заболевание развивается постепенно, обострения 2–3 раза в год.', 'Продолжить назначенную терапию, контроль через 2 недели.'),
(110, 37, 19, 21, 8, 46, 362, ((CURRENT_DATE - 27)::date + TIME '10:00:00')::timestamptz, ((CURRENT_DATE - 27)::date + TIME '10:00:00' + make_interval(mins => 50))::timestamptz, 'completed', 'web', 71, NULL, 'Периодические боли, усиливающиеся при нагрузке.', 'Хронические заболевания в анамнезе, аллергии отрицает.', 'Лабораторное обследование, повторный приём с результатами.'),
(111, 37, 19, 22, 8, 46, 363, ((CURRENT_DATE - 30)::date + TIME '11:00:00')::timestamptz, ((CURRENT_DATE - 30)::date + TIME '11:00:00' + make_interval(mins => 50))::timestamptz, 'completed', 'reception', 71, NULL, 'Снижение работоспособности в течение нескольких недель.', 'Принимает постоянную терапию по назначению врача.', 'Диета, режим сна, умеренная физическая активность.'),
(112, 37, 19, 23, 8, 46, 364, ((CURRENT_DATE - 33)::date + TIME '12:00:00')::timestamptz, ((CURRENT_DATE - 33)::date + TIME '12:00:00' + make_interval(mins => 50))::timestamptz, 'completed', 'admin', 71, NULL, 'Кашель и дискомфорт в горле.', 'Наследственность не отягощена.', 'Консультация смежного специалиста при сохранении симптомов.'),
(113, 37, 19, 24, 8, 46, NULL, ((CURRENT_DATE - 36)::date + TIME '09:00:00')::timestamptz, ((CURRENT_DATE - 36)::date + TIME '09:00:00' + make_interval(mins => 50))::timestamptz, 'cancelled', 'mobile', 71, 'Отмена по просьбе пациента, форс-мажор.', NULL, NULL, NULL),
(114, 37, 19, 25, 8, 46, NULL, ((CURRENT_DATE - 39)::date + TIME '10:00:00')::timestamptz, ((CURRENT_DATE - 39)::date + TIME '10:00:00' + make_interval(mins => 50))::timestamptz, 'no_show', 'web', 71, NULL, NULL, NULL, NULL),
(115, 39, 20, 21, 9, 51, 381, ((CURRENT_DATE - 25)::date + TIME '09:00:00')::timestamptz, ((CURRENT_DATE - 25)::date + TIME '09:00:00' + make_interval(mins => 40))::timestamptz, 'completed', 'mobile', 71, NULL, 'Жалобы на слабость и недомогание.', 'Заболевание развивается постепенно, обострения 2–3 раза в год.', 'Продолжить назначенную терапию, контроль через 2 недели.'),
(116, 39, 20, 22, 9, 52, 382, ((CURRENT_DATE - 28)::date + TIME '10:00:00')::timestamptz, ((CURRENT_DATE - 28)::date + TIME '10:00:00' + make_interval(mins => 45))::timestamptz, 'completed', 'web', 71, NULL, 'Периодические боли, усиливающиеся при нагрузке.', 'Хронические заболевания в анамнезе, аллергии отрицает.', 'Лабораторное обследование, повторный приём с результатами.'),
(117, 39, 20, 23, 9, 51, 383, ((CURRENT_DATE - 31)::date + TIME '11:00:00')::timestamptz, ((CURRENT_DATE - 31)::date + TIME '11:00:00' + make_interval(mins => 40))::timestamptz, 'completed', 'reception', 71, NULL, 'Снижение работоспособности в течение нескольких недель.', 'Принимает постоянную терапию по назначению врача.', 'Диета, режим сна, умеренная физическая активность.'),
(118, 39, 20, 24, 9, 52, 384, ((CURRENT_DATE - 34)::date + TIME '12:00:00')::timestamptz, ((CURRENT_DATE - 34)::date + TIME '12:00:00' + make_interval(mins => 45))::timestamptz, 'completed', 'admin', 71, NULL, 'Кашель и дискомфорт в горле.', 'Наследственность не отягощена.', 'Консультация смежного специалиста при сохранении симптомов.'),
(119, 39, 20, 25, 9, 51, NULL, ((CURRENT_DATE - 37)::date + TIME '09:00:00')::timestamptz, ((CURRENT_DATE - 37)::date + TIME '09:00:00' + make_interval(mins => 40))::timestamptz, 'cancelled', 'mobile', 71, 'Отмена по просьбе пациента, форс-мажор.', NULL, NULL, NULL),
(120, 39, 20, 26, 9, 52, NULL, ((CURRENT_DATE - 40)::date + TIME '10:00:00')::timestamptz, ((CURRENT_DATE - 40)::date + TIME '10:00:00' + make_interval(mins => 45))::timestamptz, 'no_show', 'web', 71, NULL, NULL, NULL, NULL),
(121, 41, 21, 22, 10, 53, 401, ((CURRENT_DATE - 26)::date + TIME '09:00:00')::timestamptz, ((CURRENT_DATE - 26)::date + TIME '09:00:00' + make_interval(mins => 35))::timestamptz, 'completed', 'mobile', 71, NULL, 'Жалобы на слабость и недомогание.', 'Заболевание развивается постепенно, обострения 2–3 раза в год.', 'Продолжить назначенную терапию, контроль через 2 недели.'),
(122, 41, 21, 23, 10, 5, 402, ((CURRENT_DATE - 29)::date + TIME '10:00:00')::timestamptz, ((CURRENT_DATE - 29)::date + TIME '10:00:00' + make_interval(mins => 15))::timestamptz, 'completed', 'web', 71, NULL, 'Периодические боли, усиливающиеся при нагрузке.', 'Хронические заболевания в анамнезе, аллергии отрицает.', 'Лабораторное обследование, повторный приём с результатами.'),
(123, 41, 21, 24, 10, 6, 403, ((CURRENT_DATE - 32)::date + TIME '11:00:00')::timestamptz, ((CURRENT_DATE - 32)::date + TIME '11:00:00' + make_interval(mins => 15))::timestamptz, 'completed', 'reception', 71, NULL, 'Снижение работоспособности в течение нескольких недель.', 'Принимает постоянную терапию по назначению врача.', 'Диета, режим сна, умеренная физическая активность.'),
(124, 41, 21, 25, 10, 7, 404, ((CURRENT_DATE - 35)::date + TIME '12:00:00')::timestamptz, ((CURRENT_DATE - 35)::date + TIME '12:00:00' + make_interval(mins => 15))::timestamptz, 'completed', 'admin', 71, NULL, 'Кашель и дискомфорт в горле.', 'Наследственность не отягощена.', 'Консультация смежного специалиста при сохранении симптомов.'),
(125, 41, 21, 26, 10, 17, NULL, ((CURRENT_DATE - 38)::date + TIME '09:00:00')::timestamptz, ((CURRENT_DATE - 38)::date + TIME '09:00:00' + make_interval(mins => 20))::timestamptz, 'cancelled', 'mobile', 71, 'Отмена по просьбе пациента, форс-мажор.', NULL, NULL, NULL),
(126, 41, 21, 27, 10, 53, NULL, ((CURRENT_DATE - 41)::date + TIME '10:00:00')::timestamptz, ((CURRENT_DATE - 41)::date + TIME '10:00:00' + make_interval(mins => 35))::timestamptz, 'no_show', 'web', 71, NULL, NULL, NULL, NULL),
(127, 43, 22, 23, 11, 54, 421, ((CURRENT_DATE - 27)::date + TIME '09:00:00')::timestamptz, ((CURRENT_DATE - 27)::date + TIME '09:00:00' + make_interval(mins => 45))::timestamptz, 'completed', 'mobile', 71, NULL, 'Жалобы на слабость и недомогание.', 'Заболевание развивается постепенно, обострения 2–3 раза в год.', 'Продолжить назначенную терапию, контроль через 2 недели.'),
(128, 43, 22, 24, 11, 5, 422, ((CURRENT_DATE - 30)::date + TIME '10:00:00')::timestamptz, ((CURRENT_DATE - 30)::date + TIME '10:00:00' + make_interval(mins => 15))::timestamptz, 'completed', 'web', 71, NULL, 'Периодические боли, усиливающиеся при нагрузке.', 'Хронические заболевания в анамнезе, аллергии отрицает.', 'Лабораторное обследование, повторный приём с результатами.'),
(129, 43, 22, 25, 11, 6, 423, ((CURRENT_DATE - 33)::date + TIME '11:00:00')::timestamptz, ((CURRENT_DATE - 33)::date + TIME '11:00:00' + make_interval(mins => 15))::timestamptz, 'completed', 'reception', 71, NULL, 'Снижение работоспособности в течение нескольких недель.', 'Принимает постоянную терапию по назначению врача.', 'Диета, режим сна, умеренная физическая активность.'),
(130, 43, 22, 26, 11, 7, 424, ((CURRENT_DATE - 36)::date + TIME '12:00:00')::timestamptz, ((CURRENT_DATE - 36)::date + TIME '12:00:00' + make_interval(mins => 15))::timestamptz, 'completed', 'admin', 71, NULL, 'Кашель и дискомфорт в горле.', 'Наследственность не отягощена.', 'Консультация смежного специалиста при сохранении симптомов.'),
(131, 43, 22, 27, 11, 8, NULL, ((CURRENT_DATE - 39)::date + TIME '09:00:00')::timestamptz, ((CURRENT_DATE - 39)::date + TIME '09:00:00' + make_interval(mins => 15))::timestamptz, 'cancelled', 'mobile', 71, 'Отмена по просьбе пациента, форс-мажор.', NULL, NULL, NULL),
(132, 43, 22, 28, 11, 17, NULL, ((CURRENT_DATE - 42)::date + TIME '10:00:00')::timestamptz, ((CURRENT_DATE - 42)::date + TIME '10:00:00' + make_interval(mins => 20))::timestamptz, 'no_show', 'web', 71, NULL, NULL, NULL, NULL),
(133, 45, 23, 24, 1, 56, 441, ((CURRENT_DATE - 28)::date + TIME '09:00:00')::timestamptz, ((CURRENT_DATE - 28)::date + TIME '09:00:00' + make_interval(mins => 30))::timestamptz, 'completed', 'mobile', 71, NULL, 'Жалобы на слабость и недомогание.', 'Заболевание развивается постепенно, обострения 2–3 раза в год.', 'Продолжить назначенную терапию, контроль через 2 недели.'),
(134, 45, 23, 25, 1, 38, 442, ((CURRENT_DATE - 31)::date + TIME '10:00:00')::timestamptz, ((CURRENT_DATE - 31)::date + TIME '10:00:00' + make_interval(mins => 30))::timestamptz, 'completed', 'web', 71, NULL, 'Периодические боли, усиливающиеся при нагрузке.', 'Хронические заболевания в анамнезе, аллергии отрицает.', 'Лабораторное обследование, повторный приём с результатами.'),
(135, 45, 23, 26, 1, 23, 443, ((CURRENT_DATE - 34)::date + TIME '11:00:00')::timestamptz, ((CURRENT_DATE - 34)::date + TIME '11:00:00' + make_interval(mins => 30))::timestamptz, 'completed', 'reception', 71, NULL, 'Снижение работоспособности в течение нескольких недель.', 'Принимает постоянную терапию по назначению врача.', 'Диета, режим сна, умеренная физическая активность.'),
(136, 45, 23, 27, 1, 5, 444, ((CURRENT_DATE - 37)::date + TIME '12:00:00')::timestamptz, ((CURRENT_DATE - 37)::date + TIME '12:00:00' + make_interval(mins => 15))::timestamptz, 'completed', 'admin', 71, NULL, 'Кашель и дискомфорт в горле.', 'Наследственность не отягощена.', 'Консультация смежного специалиста при сохранении симптомов.'),
(137, 45, 23, 28, 1, 6, NULL, ((CURRENT_DATE - 40)::date + TIME '09:00:00')::timestamptz, ((CURRENT_DATE - 40)::date + TIME '09:00:00' + make_interval(mins => 15))::timestamptz, 'cancelled', 'mobile', 71, 'Отмена по просьбе пациента, форс-мажор.', NULL, NULL, NULL),
(138, 45, 23, 29, 1, 7, NULL, ((CURRENT_DATE - 43)::date + TIME '10:00:00')::timestamptz, ((CURRENT_DATE - 43)::date + TIME '10:00:00' + make_interval(mins => 15))::timestamptz, 'no_show', 'web', 71, NULL, NULL, NULL, NULL),
(139, 47, 24, 25, 2, 23, 461, ((CURRENT_DATE - 29)::date + TIME '09:00:00')::timestamptz, ((CURRENT_DATE - 29)::date + TIME '09:00:00' + make_interval(mins => 30))::timestamptz, 'completed', 'mobile', 71, NULL, 'Жалобы на слабость и недомогание.', 'Заболевание развивается постепенно, обострения 2–3 раза в год.', 'Продолжить назначенную терапию, контроль через 2 недели.'),
(140, 47, 24, 26, 2, 57, 462, ((CURRENT_DATE - 32)::date + TIME '10:00:00')::timestamptz, ((CURRENT_DATE - 32)::date + TIME '10:00:00' + make_interval(mins => 20))::timestamptz, 'completed', 'web', 71, NULL, 'Периодические боли, усиливающиеся при нагрузке.', 'Хронические заболевания в анамнезе, аллергии отрицает.', 'Лабораторное обследование, повторный приём с результатами.'),
(141, 47, 24, 27, 2, 23, 463, ((CURRENT_DATE - 35)::date + TIME '11:00:00')::timestamptz, ((CURRENT_DATE - 35)::date + TIME '11:00:00' + make_interval(mins => 30))::timestamptz, 'completed', 'reception', 71, NULL, 'Снижение работоспособности в течение нескольких недель.', 'Принимает постоянную терапию по назначению врача.', 'Диета, режим сна, умеренная физическая активность.'),
(142, 47, 24, 28, 2, 57, 464, ((CURRENT_DATE - 38)::date + TIME '12:00:00')::timestamptz, ((CURRENT_DATE - 38)::date + TIME '12:00:00' + make_interval(mins => 20))::timestamptz, 'completed', 'admin', 71, NULL, 'Кашель и дискомфорт в горле.', 'Наследственность не отягощена.', 'Консультация смежного специалиста при сохранении симптомов.'),
(143, 47, 24, 29, 2, 23, NULL, ((CURRENT_DATE - 41)::date + TIME '09:00:00')::timestamptz, ((CURRENT_DATE - 41)::date + TIME '09:00:00' + make_interval(mins => 30))::timestamptz, 'cancelled', 'mobile', 71, 'Отмена по просьбе пациента, форс-мажор.', NULL, NULL, NULL),
(144, 47, 24, 30, 2, 57, NULL, ((CURRENT_DATE - 44)::date + TIME '10:00:00')::timestamptz, ((CURRENT_DATE - 44)::date + TIME '10:00:00' + make_interval(mins => 20))::timestamptz, 'no_show', 'web', 71, NULL, NULL, NULL, NULL),
(145, 49, 25, 26, 3, 31, 481, ((CURRENT_DATE - 30)::date + TIME '09:00:00')::timestamptz, ((CURRENT_DATE - 30)::date + TIME '09:00:00' + make_interval(mins => 25))::timestamptz, 'completed', 'mobile', 71, NULL, 'Жалобы на слабость и недомогание.', 'Заболевание развивается постепенно, обострения 2–3 раза в год.', 'Продолжить назначенную терапию, контроль через 2 недели.'),
(146, 49, 25, 27, 3, 33, 482, ((CURRENT_DATE - 33)::date + TIME '10:00:00')::timestamptz, ((CURRENT_DATE - 33)::date + TIME '10:00:00' + make_interval(mins => 30))::timestamptz, 'completed', 'web', 71, NULL, 'Периодические боли, усиливающиеся при нагрузке.', 'Хронические заболевания в анамнезе, аллергии отрицает.', 'Лабораторное обследование, повторный приём с результатами.'),
(147, 49, 25, 28, 3, 40, 483, ((CURRENT_DATE - 36)::date + TIME '11:00:00')::timestamptz, ((CURRENT_DATE - 36)::date + TIME '11:00:00' + make_interval(mins => 25))::timestamptz, 'completed', 'reception', 71, NULL, 'Снижение работоспособности в течение нескольких недель.', 'Принимает постоянную терапию по назначению врача.', 'Диета, режим сна, умеренная физическая активность.'),
(148, 49, 25, 29, 3, 42, 484, ((CURRENT_DATE - 39)::date + TIME '12:00:00')::timestamptz, ((CURRENT_DATE - 39)::date + TIME '12:00:00' + make_interval(mins => 25))::timestamptz, 'completed', 'admin', 71, NULL, 'Кашель и дискомфорт в горле.', 'Наследственность не отягощена.', 'Консультация смежного специалиста при сохранении симптомов.'),
(149, 49, 25, 30, 3, 11, NULL, ((CURRENT_DATE - 42)::date + TIME '09:00:00')::timestamptz, ((CURRENT_DATE - 42)::date + TIME '09:00:00' + make_interval(mins => 35))::timestamptz, 'cancelled', 'mobile', 71, 'Отмена по просьбе пациента, форс-мажор.', NULL, NULL, NULL),
(150, 49, 25, 31, 3, 58, NULL, ((CURRENT_DATE - 45)::date + TIME '10:00:00')::timestamptz, ((CURRENT_DATE - 45)::date + TIME '10:00:00' + make_interval(mins => 40))::timestamptz, 'no_show', 'web', 71, NULL, NULL, NULL, NULL),
(151, 51, 26, 27, 4, 3, 501, ((CURRENT_DATE - 31)::date + TIME '09:00:00')::timestamptz, ((CURRENT_DATE - 31)::date + TIME '09:00:00' + make_interval(mins => 20))::timestamptz, 'completed', 'mobile', 71, NULL, 'Жалобы на слабость и недомогание.', 'Заболевание развивается постепенно, обострения 2–3 раза в год.', 'Продолжить назначенную терапию, контроль через 2 недели.'),
(152, 51, 26, 28, 4, 10, 502, ((CURRENT_DATE - 34)::date + TIME '10:00:00')::timestamptz, ((CURRENT_DATE - 34)::date + TIME '10:00:00' + make_interval(mins => 45))::timestamptz, 'completed', 'web', 71, NULL, 'Периодические боли, усиливающиеся при нагрузке.', 'Хронические заболевания в анамнезе, аллергии отрицает.', 'Лабораторное обследование, повторный приём с результатами.'),
(153, 51, 26, 29, 4, 4, 503, ((CURRENT_DATE - 37)::date + TIME '11:00:00')::timestamptz, ((CURRENT_DATE - 37)::date + TIME '11:00:00' + make_interval(mins => 30))::timestamptz, 'completed', 'reception', 71, NULL, 'Снижение работоспособности в течение нескольких недель.', 'Принимает постоянную терапию по назначению врача.', 'Диета, режим сна, умеренная физическая активность.'),
(154, 51, 26, 30, 4, 22, 504, ((CURRENT_DATE - 40)::date + TIME '12:00:00')::timestamptz, ((CURRENT_DATE - 40)::date + TIME '12:00:00' + make_interval(mins => 60))::timestamptz, 'completed', 'admin', 71, NULL, 'Кашель и дискомфорт в горле.', 'Наследственность не отягощена.', 'Консультация смежного специалиста при сохранении симптомов.'),
(155, 51, 26, 31, 4, 36, NULL, ((CURRENT_DATE - 43)::date + TIME '09:00:00')::timestamptz, ((CURRENT_DATE - 43)::date + TIME '09:00:00' + make_interval(mins => 30))::timestamptz, 'cancelled', 'mobile', 71, 'Отмена по просьбе пациента, форс-мажор.', NULL, NULL, NULL),
(156, 51, 26, 32, 4, 60, NULL, ((CURRENT_DATE - 46)::date + TIME '10:00:00')::timestamptz, ((CURRENT_DATE - 46)::date + TIME '10:00:00' + make_interval(mins => 30))::timestamptz, 'no_show', 'web', 71, NULL, NULL, NULL, NULL),
(157, 53, 27, 28, 5, 1, 521, ((CURRENT_DATE - 32)::date + TIME '09:00:00')::timestamptz, ((CURRENT_DATE - 32)::date + TIME '09:00:00' + make_interval(mins => 30))::timestamptz, 'completed', 'mobile', 71, NULL, 'Жалобы на слабость и недомогание.', 'Заболевание развивается постепенно, обострения 2–3 раза в год.', 'Продолжить назначенную терапию, контроль через 2 недели.'),
(158, 53, 27, 29, 5, 2, 522, ((CURRENT_DATE - 35)::date + TIME '10:00:00')::timestamptz, ((CURRENT_DATE - 35)::date + TIME '10:00:00' + make_interval(mins => 20))::timestamptz, 'completed', 'web', 71, NULL, 'Периодические боли, усиливающиеся при нагрузке.', 'Хронические заболевания в анамнезе, аллергии отрицает.', 'Лабораторное обследование, повторный приём с результатами.'),
(159, 53, 27, 30, 5, 3, 523, ((CURRENT_DATE - 38)::date + TIME '11:00:00')::timestamptz, ((CURRENT_DATE - 38)::date + TIME '11:00:00' + make_interval(mins => 20))::timestamptz, 'completed', 'reception', 71, NULL, 'Снижение работоспособности в течение нескольких недель.', 'Принимает постоянную терапию по назначению врача.', 'Диета, режим сна, умеренная физическая активность.'),
(160, 53, 27, 31, 5, 5, 524, ((CURRENT_DATE - 41)::date + TIME '12:00:00')::timestamptz, ((CURRENT_DATE - 41)::date + TIME '12:00:00' + make_interval(mins => 15))::timestamptz, 'completed', 'admin', 71, NULL, 'Кашель и дискомфорт в горле.', 'Наследственность не отягощена.', 'Консультация смежного специалиста при сохранении симптомов.'),
(161, 53, 27, 32, 5, 6, NULL, ((CURRENT_DATE - 44)::date + TIME '09:00:00')::timestamptz, ((CURRENT_DATE - 44)::date + TIME '09:00:00' + make_interval(mins => 15))::timestamptz, 'cancelled', 'mobile', 71, 'Отмена по просьбе пациента, форс-мажор.', NULL, NULL, NULL),
(162, 53, 27, 33, 5, 7, NULL, ((CURRENT_DATE - 47)::date + TIME '10:00:00')::timestamptz, ((CURRENT_DATE - 47)::date + TIME '10:00:00' + make_interval(mins => 15))::timestamptz, 'no_show', 'web', 71, NULL, NULL, NULL, NULL),
(163, 55, 28, 29, 6, 61, 541, ((CURRENT_DATE - 33)::date + TIME '09:00:00')::timestamptz, ((CURRENT_DATE - 33)::date + TIME '09:00:00' + make_interval(mins => 30))::timestamptz, 'completed', 'mobile', 71, NULL, 'Жалобы на слабость и недомогание.', 'Заболевание развивается постепенно, обострения 2–3 раза в год.', 'Продолжить назначенную терапию, контроль через 2 недели.'),
(164, 55, 28, 30, 6, 34, 542, ((CURRENT_DATE - 36)::date + TIME '10:00:00')::timestamptz, ((CURRENT_DATE - 36)::date + TIME '10:00:00' + make_interval(mins => 25))::timestamptz, 'completed', 'web', 71, NULL, 'Периодические боли, усиливающиеся при нагрузке.', 'Хронические заболевания в анамнезе, аллергии отрицает.', 'Лабораторное обследование, повторный приём с результатами.'),
(165, 55, 28, 31, 6, 61, 543, ((CURRENT_DATE - 39)::date + TIME '11:00:00')::timestamptz, ((CURRENT_DATE - 39)::date + TIME '11:00:00' + make_interval(mins => 30))::timestamptz, 'completed', 'reception', 71, NULL, 'Снижение работоспособности в течение нескольких недель.', 'Принимает постоянную терапию по назначению врача.', 'Диета, режим сна, умеренная физическая активность.'),
(166, 55, 28, 32, 6, 34, 544, ((CURRENT_DATE - 42)::date + TIME '12:00:00')::timestamptz, ((CURRENT_DATE - 42)::date + TIME '12:00:00' + make_interval(mins => 25))::timestamptz, 'completed', 'admin', 71, NULL, 'Кашель и дискомфорт в горле.', 'Наследственность не отягощена.', 'Консультация смежного специалиста при сохранении симптомов.'),
(167, 55, 28, 33, 6, 61, NULL, ((CURRENT_DATE - 45)::date + TIME '09:00:00')::timestamptz, ((CURRENT_DATE - 45)::date + TIME '09:00:00' + make_interval(mins => 30))::timestamptz, 'cancelled', 'mobile', 71, 'Отмена по просьбе пациента, форс-мажор.', NULL, NULL, NULL),
(168, 55, 28, 34, 6, 34, NULL, ((CURRENT_DATE - 48)::date + TIME '10:00:00')::timestamptz, ((CURRENT_DATE - 48)::date + TIME '10:00:00' + make_interval(mins => 25))::timestamptz, 'no_show', 'web', 71, NULL, NULL, NULL, NULL),
(169, 57, 29, 30, 7, 55, 561, ((CURRENT_DATE - 34)::date + TIME '09:00:00')::timestamptz, ((CURRENT_DATE - 34)::date + TIME '09:00:00' + make_interval(mins => 35))::timestamptz, 'completed', 'mobile', 71, NULL, 'Жалобы на слабость и недомогание.', 'Заболевание развивается постепенно, обострения 2–3 раза в год.', 'Продолжить назначенную терапию, контроль через 2 недели.'),
(170, 57, 29, 31, 7, 59, 562, ((CURRENT_DATE - 37)::date + TIME '10:00:00')::timestamptz, ((CURRENT_DATE - 37)::date + TIME '10:00:00' + make_interval(mins => 30))::timestamptz, 'completed', 'web', 71, NULL, 'Периодические боли, усиливающиеся при нагрузке.', 'Хронические заболевания в анамнезе, аллергии отрицает.', 'Лабораторное обследование, повторный приём с результатами.'),
(171, 57, 29, 32, 7, 55, 563, ((CURRENT_DATE - 40)::date + TIME '11:00:00')::timestamptz, ((CURRENT_DATE - 40)::date + TIME '11:00:00' + make_interval(mins => 35))::timestamptz, 'completed', 'reception', 71, NULL, 'Снижение работоспособности в течение нескольких недель.', 'Принимает постоянную терапию по назначению врача.', 'Диета, режим сна, умеренная физическая активность.'),
(172, 57, 29, 33, 7, 59, 564, ((CURRENT_DATE - 43)::date + TIME '12:00:00')::timestamptz, ((CURRENT_DATE - 43)::date + TIME '12:00:00' + make_interval(mins => 30))::timestamptz, 'completed', 'admin', 71, NULL, 'Кашель и дискомфорт в горле.', 'Наследственность не отягощена.', 'Консультация смежного специалиста при сохранении симптомов.'),
(173, 57, 29, 34, 7, 55, NULL, ((CURRENT_DATE - 46)::date + TIME '09:00:00')::timestamptz, ((CURRENT_DATE - 46)::date + TIME '09:00:00' + make_interval(mins => 35))::timestamptz, 'cancelled', 'mobile', 71, 'Отмена по просьбе пациента, форс-мажор.', NULL, NULL, NULL),
(174, 57, 29, 35, 7, 59, NULL, ((CURRENT_DATE - 49)::date + TIME '10:00:00')::timestamptz, ((CURRENT_DATE - 49)::date + TIME '10:00:00' + make_interval(mins => 30))::timestamptz, 'no_show', 'web', 71, NULL, NULL, NULL, NULL),
(175, 59, 30, 31, 8, 8, 581, ((CURRENT_DATE - 35)::date + TIME '09:00:00')::timestamptz, ((CURRENT_DATE - 35)::date + TIME '09:00:00' + make_interval(mins => 15))::timestamptz, 'completed', 'mobile', 71, NULL, 'Жалобы на слабость и недомогание.', 'Заболевание развивается постепенно, обострения 2–3 раза в год.', 'Продолжить назначенную терапию, контроль через 2 недели.'),
(176, 59, 30, 32, 8, 62, 582, ((CURRENT_DATE - 38)::date + TIME '10:00:00')::timestamptz, ((CURRENT_DATE - 38)::date + TIME '10:00:00' + make_interval(mins => 30))::timestamptz, 'completed', 'web', 71, NULL, 'Периодические боли, усиливающиеся при нагрузке.', 'Хронические заболевания в анамнезе, аллергии отрицает.', 'Лабораторное обследование, повторный приём с результатами.'),
(177, 59, 30, 33, 8, 8, 583, ((CURRENT_DATE - 41)::date + TIME '11:00:00')::timestamptz, ((CURRENT_DATE - 41)::date + TIME '11:00:00' + make_interval(mins => 15))::timestamptz, 'completed', 'reception', 71, NULL, 'Снижение работоспособности в течение нескольких недель.', 'Принимает постоянную терапию по назначению врача.', 'Диета, режим сна, умеренная физическая активность.'),
(178, 59, 30, 34, 8, 62, 584, ((CURRENT_DATE - 44)::date + TIME '12:00:00')::timestamptz, ((CURRENT_DATE - 44)::date + TIME '12:00:00' + make_interval(mins => 30))::timestamptz, 'completed', 'admin', 71, NULL, 'Кашель и дискомфорт в горле.', 'Наследственность не отягощена.', 'Консультация смежного специалиста при сохранении симптомов.'),
(179, 59, 30, 35, 8, 8, NULL, ((CURRENT_DATE - 47)::date + TIME '09:00:00')::timestamptz, ((CURRENT_DATE - 47)::date + TIME '09:00:00' + make_interval(mins => 15))::timestamptz, 'cancelled', 'mobile', 71, 'Отмена по просьбе пациента, форс-мажор.', NULL, NULL, NULL),
(180, 59, 30, 1, 8, 62, NULL, ((CURRENT_DATE - 50)::date + TIME '10:00:00')::timestamptz, ((CURRENT_DATE - 50)::date + TIME '10:00:00' + make_interval(mins => 30))::timestamptz, 'no_show', 'web', 71, NULL, NULL, NULL, NULL),
(181, 61, 31, 32, 9, 11, 601, ((CURRENT_DATE - 36)::date + TIME '09:00:00')::timestamptz, ((CURRENT_DATE - 36)::date + TIME '09:00:00' + make_interval(mins => 35))::timestamptz, 'completed', 'mobile', 71, NULL, 'Жалобы на слабость и недомогание.', 'Заболевание развивается постепенно, обострения 2–3 раза в год.', 'Продолжить назначенную терапию, контроль через 2 недели.'),
(182, 61, 31, 33, 9, 19, 602, ((CURRENT_DATE - 39)::date + TIME '10:00:00')::timestamptz, ((CURRENT_DATE - 39)::date + TIME '10:00:00' + make_interval(mins => 35))::timestamptz, 'completed', 'web', 71, NULL, 'Периодические боли, усиливающиеся при нагрузке.', 'Хронические заболевания в анамнезе, аллергии отрицает.', 'Лабораторное обследование, повторный приём с результатами.'),
(183, 61, 31, 34, 9, 63, 603, ((CURRENT_DATE - 42)::date + TIME '11:00:00')::timestamptz, ((CURRENT_DATE - 42)::date + TIME '11:00:00' + make_interval(mins => 40))::timestamptz, 'completed', 'reception', 71, NULL, 'Снижение работоспособности в течение нескольких недель.', 'Принимает постоянную терапию по назначению врача.', 'Диета, режим сна, умеренная физическая активность.'),
(184, 61, 31, 35, 9, 58, 604, ((CURRENT_DATE - 45)::date + TIME '12:00:00')::timestamptz, ((CURRENT_DATE - 45)::date + TIME '12:00:00' + make_interval(mins => 40))::timestamptz, 'completed', 'admin', 71, NULL, 'Кашель и дискомфорт в горле.', 'Наследственность не отягощена.', 'Консультация смежного специалиста при сохранении симптомов.'),
(185, 61, 31, 1, 9, 11, NULL, ((CURRENT_DATE - 48)::date + TIME '09:00:00')::timestamptz, ((CURRENT_DATE - 48)::date + TIME '09:00:00' + make_interval(mins => 35))::timestamptz, 'cancelled', 'mobile', 71, 'Отмена по просьбе пациента, форс-мажор.', NULL, NULL, NULL),
(186, 61, 31, 2, 9, 19, NULL, ((CURRENT_DATE - 51)::date + TIME '10:00:00')::timestamptz, ((CURRENT_DATE - 51)::date + TIME '10:00:00' + make_interval(mins => 35))::timestamptz, 'no_show', 'web', 71, NULL, NULL, NULL, NULL),
(187, 63, 32, 33, 10, 25, 621, ((CURRENT_DATE - 37)::date + TIME '09:00:00')::timestamptz, ((CURRENT_DATE - 37)::date + TIME '09:00:00' + make_interval(mins => 30))::timestamptz, 'completed', 'mobile', 71, NULL, 'Жалобы на слабость и недомогание.', 'Заболевание развивается постепенно, обострения 2–3 раза в год.', 'Продолжить назначенную терапию, контроль через 2 недели.'),
(188, 63, 32, 34, 10, 19, 622, ((CURRENT_DATE - 40)::date + TIME '10:00:00')::timestamptz, ((CURRENT_DATE - 40)::date + TIME '10:00:00' + make_interval(mins => 35))::timestamptz, 'completed', 'web', 71, NULL, 'Периодические боли, усиливающиеся при нагрузке.', 'Хронические заболевания в анамнезе, аллергии отрицает.', 'Лабораторное обследование, повторный приём с результатами.'),
(189, 63, 32, 35, 10, 64, 623, ((CURRENT_DATE - 43)::date + TIME '11:00:00')::timestamptz, ((CURRENT_DATE - 43)::date + TIME '11:00:00' + make_interval(mins => 45))::timestamptz, 'completed', 'reception', 71, NULL, 'Снижение работоспособности в течение нескольких недель.', 'Принимает постоянную терапию по назначению врача.', 'Диета, режим сна, умеренная физическая активность.'),
(190, 63, 32, 1, 10, 25, 624, ((CURRENT_DATE - 46)::date + TIME '12:00:00')::timestamptz, ((CURRENT_DATE - 46)::date + TIME '12:00:00' + make_interval(mins => 30))::timestamptz, 'completed', 'admin', 71, NULL, 'Кашель и дискомфорт в горле.', 'Наследственность не отягощена.', 'Консультация смежного специалиста при сохранении симптомов.'),
(191, 63, 32, 2, 10, 19, NULL, ((CURRENT_DATE - 49)::date + TIME '09:00:00')::timestamptz, ((CURRENT_DATE - 49)::date + TIME '09:00:00' + make_interval(mins => 35))::timestamptz, 'cancelled', 'mobile', 71, 'Отмена по просьбе пациента, форс-мажор.', NULL, NULL, NULL),
(192, 63, 32, 3, 10, 64, NULL, ((CURRENT_DATE - 52)::date + TIME '10:00:00')::timestamptz, ((CURRENT_DATE - 52)::date + TIME '10:00:00' + make_interval(mins => 45))::timestamptz, 'no_show', 'web', 71, NULL, NULL, NULL, NULL),
(193, 65, 33, 34, 11, 5, 641, ((CURRENT_DATE - 38)::date + TIME '09:00:00')::timestamptz, ((CURRENT_DATE - 38)::date + TIME '09:00:00' + make_interval(mins => 15))::timestamptz, 'completed', 'mobile', 71, NULL, 'Жалобы на слабость и недомогание.', 'Заболевание развивается постепенно, обострения 2–3 раза в год.', 'Продолжить назначенную терапию, контроль через 2 недели.'),
(194, 65, 33, 35, 11, 6, 642, ((CURRENT_DATE - 41)::date + TIME '10:00:00')::timestamptz, ((CURRENT_DATE - 41)::date + TIME '10:00:00' + make_interval(mins => 15))::timestamptz, 'completed', 'web', 71, NULL, 'Периодические боли, усиливающиеся при нагрузке.', 'Хронические заболевания в анамнезе, аллергии отрицает.', 'Лабораторное обследование, повторный приём с результатами.'),
(195, 65, 33, 1, 11, 7, 643, ((CURRENT_DATE - 44)::date + TIME '11:00:00')::timestamptz, ((CURRENT_DATE - 44)::date + TIME '11:00:00' + make_interval(mins => 15))::timestamptz, 'completed', 'reception', 71, NULL, 'Снижение работоспособности в течение нескольких недель.', 'Принимает постоянную терапию по назначению врача.', 'Диета, режим сна, умеренная физическая активность.'),
(196, 65, 33, 2, 11, 8, 644, ((CURRENT_DATE - 47)::date + TIME '12:00:00')::timestamptz, ((CURRENT_DATE - 47)::date + TIME '12:00:00' + make_interval(mins => 15))::timestamptz, 'completed', 'admin', 71, NULL, 'Кашель и дискомфорт в горле.', 'Наследственность не отягощена.', 'Консультация смежного специалиста при сохранении симптомов.'),
(197, 65, 33, 3, 11, 65, NULL, ((CURRENT_DATE - 50)::date + TIME '09:00:00')::timestamptz, ((CURRENT_DATE - 50)::date + TIME '09:00:00' + make_interval(mins => 40))::timestamptz, 'cancelled', 'mobile', 71, 'Отмена по просьбе пациента, форс-мажор.', NULL, NULL, NULL),
(198, 65, 33, 4, 11, 5, NULL, ((CURRENT_DATE - 53)::date + TIME '10:00:00')::timestamptz, ((CURRENT_DATE - 53)::date + TIME '10:00:00' + make_interval(mins => 15))::timestamptz, 'no_show', 'web', 71, NULL, NULL, NULL, NULL),
(199, 67, 34, 35, 1, 66, 661, ((CURRENT_DATE - 39)::date + TIME '09:00:00')::timestamptz, ((CURRENT_DATE - 39)::date + TIME '09:00:00' + make_interval(mins => 30))::timestamptz, 'completed', 'mobile', 71, NULL, 'Жалобы на слабость и недомогание.', 'Заболевание развивается постепенно, обострения 2–3 раза в год.', 'Продолжить назначенную терапию, контроль через 2 недели.'),
(200, 67, 34, 1, 1, 66, 662, ((CURRENT_DATE - 42)::date + TIME '10:00:00')::timestamptz, ((CURRENT_DATE - 42)::date + TIME '10:00:00' + make_interval(mins => 30))::timestamptz, 'completed', 'web', 71, NULL, 'Периодические боли, усиливающиеся при нагрузке.', 'Хронические заболевания в анамнезе, аллергии отрицает.', 'Лабораторное обследование, повторный приём с результатами.'),
(201, 67, 34, 2, 1, 66, 663, ((CURRENT_DATE - 45)::date + TIME '11:00:00')::timestamptz, ((CURRENT_DATE - 45)::date + TIME '11:00:00' + make_interval(mins => 30))::timestamptz, 'completed', 'reception', 71, NULL, 'Снижение работоспособности в течение нескольких недель.', 'Принимает постоянную терапию по назначению врача.', 'Диета, режим сна, умеренная физическая активность.'),
(202, 67, 34, 3, 1, 66, 664, ((CURRENT_DATE - 48)::date + TIME '12:00:00')::timestamptz, ((CURRENT_DATE - 48)::date + TIME '12:00:00' + make_interval(mins => 30))::timestamptz, 'completed', 'admin', 71, NULL, 'Кашель и дискомфорт в горле.', 'Наследственность не отягощена.', 'Консультация смежного специалиста при сохранении симптомов.'),
(203, 67, 34, 4, 1, 66, NULL, ((CURRENT_DATE - 51)::date + TIME '09:00:00')::timestamptz, ((CURRENT_DATE - 51)::date + TIME '09:00:00' + make_interval(mins => 30))::timestamptz, 'cancelled', 'mobile', 71, 'Отмена по просьбе пациента, форс-мажор.', NULL, NULL, NULL),
(204, 67, 34, 5, 1, 66, NULL, ((CURRENT_DATE - 54)::date + TIME '10:00:00')::timestamptz, ((CURRENT_DATE - 54)::date + TIME '10:00:00' + make_interval(mins => 30))::timestamptz, 'no_show', 'web', 71, NULL, NULL, NULL, NULL),
(205, 69, 35, 1, 2, 67, 681, ((CURRENT_DATE - 40)::date + TIME '09:00:00')::timestamptz, ((CURRENT_DATE - 40)::date + TIME '09:00:00' + make_interval(mins => 30))::timestamptz, 'completed', 'mobile', 71, NULL, 'Жалобы на слабость и недомогание.', 'Заболевание развивается постепенно, обострения 2–3 раза в год.', 'Продолжить назначенную терапию, контроль через 2 недели.'),
(206, 69, 35, 2, 2, 67, 682, ((CURRENT_DATE - 43)::date + TIME '10:00:00')::timestamptz, ((CURRENT_DATE - 43)::date + TIME '10:00:00' + make_interval(mins => 30))::timestamptz, 'completed', 'web', 71, NULL, 'Периодические боли, усиливающиеся при нагрузке.', 'Хронические заболевания в анамнезе, аллергии отрицает.', 'Лабораторное обследование, повторный приём с результатами.'),
(207, 69, 35, 3, 2, 67, 683, ((CURRENT_DATE - 46)::date + TIME '11:00:00')::timestamptz, ((CURRENT_DATE - 46)::date + TIME '11:00:00' + make_interval(mins => 30))::timestamptz, 'completed', 'reception', 71, NULL, 'Снижение работоспособности в течение нескольких недель.', 'Принимает постоянную терапию по назначению врача.', 'Диета, режим сна, умеренная физическая активность.'),
(208, 69, 35, 4, 2, 67, 684, ((CURRENT_DATE - 49)::date + TIME '12:00:00')::timestamptz, ((CURRENT_DATE - 49)::date + TIME '12:00:00' + make_interval(mins => 30))::timestamptz, 'completed', 'admin', 71, NULL, 'Кашель и дискомфорт в горле.', 'Наследственность не отягощена.', 'Консультация смежного специалиста при сохранении симптомов.'),
(209, 69, 35, 5, 2, 67, NULL, ((CURRENT_DATE - 52)::date + TIME '09:00:00')::timestamptz, ((CURRENT_DATE - 52)::date + TIME '09:00:00' + make_interval(mins => 30))::timestamptz, 'cancelled', 'mobile', 71, 'Отмена по просьбе пациента, форс-мажор.', NULL, NULL, NULL),
(210, 69, 35, 6, 2, 67, NULL, ((CURRENT_DATE - 55)::date + TIME '10:00:00')::timestamptz, ((CURRENT_DATE - 55)::date + TIME '10:00:00' + make_interval(mins => 30))::timestamptz, 'no_show', 'web', 71, NULL, NULL, NULL, NULL);
SELECT setval('appointments_id_seq', (SELECT MAX(id) FROM appointments));

-- 13. Отзывы (на каждый completed приём)
INSERT INTO reviews (id, appointment_id, doctor_id, patient_id, rating, review_text) VALUES
(1, 1, 1, 2, 4, 'Приём прошёл вовремя, без лишней суеты. Осталась довольна.'),
(2, 2, 1, 3, 5, 'Профессионально и доброжелательно. Помогли с диагнозом.'),
(3, 3, 1, 4, 3, 'Хорошая клиника, врач компетентный, назначения по делу.'),
(4, 4, 1, 5, 4, 'Спасибо за терпение и подробные ответы на вопросы.'),
(5, 7, 2, 3, 5, 'Чёткий план обследования, всё понятно с первого визита.'),
(6, 8, 2, 4, 3, 'Комфортно на приёме, чувствуется опыт специалиста.'),
(7, 9, 2, 5, 4, 'Вернусь на повторный приём — доверяю этому доктору.'),
(8, 10, 2, 6, 5, 'Внимательный врач, всё объяснил доступно. Рекомендую.'),
(9, 13, 3, 4, 3, 'Приём прошёл вовремя, без лишней суеты. Осталась довольна.'),
(10, 14, 3, 5, 4, 'Профессионально и доброжелательно. Помогли с диагнозом.'),
(11, 15, 3, 6, 5, 'Хорошая клиника, врач компетентный, назначения по делу.'),
(12, 16, 3, 7, 3, 'Спасибо за терпение и подробные ответы на вопросы.'),
(13, 19, 4, 5, 4, 'Чёткий план обследования, всё понятно с первого визита.'),
(14, 20, 4, 6, 5, 'Комфортно на приёме, чувствуется опыт специалиста.'),
(15, 21, 4, 7, 3, 'Вернусь на повторный приём — доверяю этому доктору.'),
(16, 22, 4, 8, 4, 'Внимательный врач, всё объяснил доступно. Рекомендую.'),
(17, 25, 5, 6, 5, 'Приём прошёл вовремя, без лишней суеты. Осталась довольна.'),
(18, 26, 5, 7, 3, 'Профессионально и доброжелательно. Помогли с диагнозом.'),
(19, 27, 5, 8, 4, 'Хорошая клиника, врач компетентный, назначения по делу.'),
(20, 28, 5, 9, 5, 'Спасибо за терпение и подробные ответы на вопросы.'),
(21, 31, 6, 7, 3, 'Чёткий план обследования, всё понятно с первого визита.'),
(22, 32, 6, 8, 4, 'Комфортно на приёме, чувствуется опыт специалиста.'),
(23, 33, 6, 9, 5, 'Вернусь на повторный приём — доверяю этому доктору.'),
(24, 34, 6, 10, 3, 'Внимательный врач, всё объяснил доступно. Рекомендую.'),
(25, 37, 7, 8, 4, 'Приём прошёл вовремя, без лишней суеты. Осталась довольна.'),
(26, 38, 7, 9, 5, 'Профессионально и доброжелательно. Помогли с диагнозом.'),
(27, 39, 7, 10, 3, 'Хорошая клиника, врач компетентный, назначения по делу.'),
(28, 40, 7, 11, 4, 'Спасибо за терпение и подробные ответы на вопросы.'),
(29, 43, 8, 9, 5, 'Чёткий план обследования, всё понятно с первого визита.'),
(30, 44, 8, 10, 3, 'Комфортно на приёме, чувствуется опыт специалиста.'),
(31, 45, 8, 11, 4, 'Вернусь на повторный приём — доверяю этому доктору.'),
(32, 46, 8, 12, 5, 'Внимательный врач, всё объяснил доступно. Рекомендую.'),
(33, 49, 9, 10, 3, 'Приём прошёл вовремя, без лишней суеты. Осталась довольна.'),
(34, 50, 9, 11, 4, 'Профессионально и доброжелательно. Помогли с диагнозом.'),
(35, 51, 9, 12, 5, 'Хорошая клиника, врач компетентный, назначения по делу.'),
(36, 52, 9, 13, 3, 'Спасибо за терпение и подробные ответы на вопросы.'),
(37, 55, 10, 11, 4, 'Чёткий план обследования, всё понятно с первого визита.'),
(38, 56, 10, 12, 5, 'Комфортно на приёме, чувствуется опыт специалиста.'),
(39, 57, 10, 13, 3, 'Вернусь на повторный приём — доверяю этому доктору.'),
(40, 58, 10, 14, 4, 'Внимательный врач, всё объяснил доступно. Рекомендую.'),
(41, 61, 11, 12, 5, 'Приём прошёл вовремя, без лишней суеты. Осталась довольна.'),
(42, 62, 11, 13, 3, 'Профессионально и доброжелательно. Помогли с диагнозом.'),
(43, 63, 11, 14, 4, 'Хорошая клиника, врач компетентный, назначения по делу.'),
(44, 64, 11, 15, 5, 'Спасибо за терпение и подробные ответы на вопросы.'),
(45, 67, 12, 13, 3, 'Чёткий план обследования, всё понятно с первого визита.'),
(46, 68, 12, 14, 4, 'Комфортно на приёме, чувствуется опыт специалиста.'),
(47, 69, 12, 15, 5, 'Вернусь на повторный приём — доверяю этому доктору.'),
(48, 70, 12, 16, 3, 'Внимательный врач, всё объяснил доступно. Рекомендую.'),
(49, 73, 13, 14, 4, 'Приём прошёл вовремя, без лишней суеты. Осталась довольна.'),
(50, 74, 13, 15, 5, 'Профессионально и доброжелательно. Помогли с диагнозом.'),
(51, 75, 13, 16, 3, 'Хорошая клиника, врач компетентный, назначения по делу.'),
(52, 76, 13, 17, 4, 'Спасибо за терпение и подробные ответы на вопросы.'),
(53, 79, 14, 15, 5, 'Чёткий план обследования, всё понятно с первого визита.'),
(54, 80, 14, 16, 3, 'Комфортно на приёме, чувствуется опыт специалиста.'),
(55, 81, 14, 17, 4, 'Вернусь на повторный приём — доверяю этому доктору.'),
(56, 82, 14, 18, 5, 'Внимательный врач, всё объяснил доступно. Рекомендую.'),
(57, 85, 15, 16, 3, 'Приём прошёл вовремя, без лишней суеты. Осталась довольна.'),
(58, 86, 15, 17, 4, 'Профессионально и доброжелательно. Помогли с диагнозом.'),
(59, 87, 15, 18, 5, 'Хорошая клиника, врач компетентный, назначения по делу.'),
(60, 88, 15, 19, 3, 'Спасибо за терпение и подробные ответы на вопросы.'),
(61, 91, 16, 17, 4, 'Чёткий план обследования, всё понятно с первого визита.'),
(62, 92, 16, 18, 5, 'Комфортно на приёме, чувствуется опыт специалиста.'),
(63, 93, 16, 19, 3, 'Вернусь на повторный приём — доверяю этому доктору.'),
(64, 94, 16, 20, 4, 'Внимательный врач, всё объяснил доступно. Рекомендую.'),
(65, 97, 17, 18, 5, 'Приём прошёл вовремя, без лишней суеты. Осталась довольна.'),
(66, 98, 17, 19, 3, 'Профессионально и доброжелательно. Помогли с диагнозом.'),
(67, 99, 17, 20, 4, 'Хорошая клиника, врач компетентный, назначения по делу.'),
(68, 100, 17, 21, 5, 'Спасибо за терпение и подробные ответы на вопросы.'),
(69, 103, 18, 19, 3, 'Чёткий план обследования, всё понятно с первого визита.'),
(70, 104, 18, 20, 4, 'Комфортно на приёме, чувствуется опыт специалиста.'),
(71, 105, 18, 21, 5, 'Вернусь на повторный приём — доверяю этому доктору.'),
(72, 106, 18, 22, 3, 'Внимательный врач, всё объяснил доступно. Рекомендую.'),
(73, 109, 19, 20, 4, 'Приём прошёл вовремя, без лишней суеты. Осталась довольна.'),
(74, 110, 19, 21, 5, 'Профессионально и доброжелательно. Помогли с диагнозом.'),
(75, 111, 19, 22, 3, 'Хорошая клиника, врач компетентный, назначения по делу.'),
(76, 112, 19, 23, 4, 'Спасибо за терпение и подробные ответы на вопросы.'),
(77, 115, 20, 21, 5, 'Чёткий план обследования, всё понятно с первого визита.'),
(78, 116, 20, 22, 3, 'Комфортно на приёме, чувствуется опыт специалиста.'),
(79, 117, 20, 23, 4, 'Вернусь на повторный приём — доверяю этому доктору.'),
(80, 118, 20, 24, 5, 'Внимательный врач, всё объяснил доступно. Рекомендую.'),
(81, 121, 21, 22, 3, 'Приём прошёл вовремя, без лишней суеты. Осталась довольна.'),
(82, 122, 21, 23, 4, 'Профессионально и доброжелательно. Помогли с диагнозом.'),
(83, 123, 21, 24, 5, 'Хорошая клиника, врач компетентный, назначения по делу.'),
(84, 124, 21, 25, 3, 'Спасибо за терпение и подробные ответы на вопросы.'),
(85, 127, 22, 23, 4, 'Чёткий план обследования, всё понятно с первого визита.'),
(86, 128, 22, 24, 5, 'Комфортно на приёме, чувствуется опыт специалиста.'),
(87, 129, 22, 25, 3, 'Вернусь на повторный приём — доверяю этому доктору.'),
(88, 130, 22, 26, 4, 'Внимательный врач, всё объяснил доступно. Рекомендую.'),
(89, 133, 23, 24, 5, 'Приём прошёл вовремя, без лишней суеты. Осталась довольна.'),
(90, 134, 23, 25, 3, 'Профессионально и доброжелательно. Помогли с диагнозом.'),
(91, 135, 23, 26, 4, 'Хорошая клиника, врач компетентный, назначения по делу.'),
(92, 136, 23, 27, 5, 'Спасибо за терпение и подробные ответы на вопросы.'),
(93, 139, 24, 25, 3, 'Чёткий план обследования, всё понятно с первого визита.'),
(94, 140, 24, 26, 4, 'Комфортно на приёме, чувствуется опыт специалиста.'),
(95, 141, 24, 27, 5, 'Вернусь на повторный приём — доверяю этому доктору.'),
(96, 142, 24, 28, 3, 'Внимательный врач, всё объяснил доступно. Рекомендую.'),
(97, 145, 25, 26, 4, 'Приём прошёл вовремя, без лишней суеты. Осталась довольна.'),
(98, 146, 25, 27, 5, 'Профессионально и доброжелательно. Помогли с диагнозом.'),
(99, 147, 25, 28, 3, 'Хорошая клиника, врач компетентный, назначения по делу.'),
(100, 148, 25, 29, 4, 'Спасибо за терпение и подробные ответы на вопросы.'),
(101, 151, 26, 27, 5, 'Чёткий план обследования, всё понятно с первого визита.'),
(102, 152, 26, 28, 3, 'Комфортно на приёме, чувствуется опыт специалиста.'),
(103, 153, 26, 29, 4, 'Вернусь на повторный приём — доверяю этому доктору.'),
(104, 154, 26, 30, 5, 'Внимательный врач, всё объяснил доступно. Рекомендую.'),
(105, 157, 27, 28, 3, 'Приём прошёл вовремя, без лишней суеты. Осталась довольна.'),
(106, 158, 27, 29, 4, 'Профессионально и доброжелательно. Помогли с диагнозом.'),
(107, 159, 27, 30, 5, 'Хорошая клиника, врач компетентный, назначения по делу.'),
(108, 160, 27, 31, 3, 'Спасибо за терпение и подробные ответы на вопросы.'),
(109, 163, 28, 29, 4, 'Чёткий план обследования, всё понятно с первого визита.'),
(110, 164, 28, 30, 5, 'Комфортно на приёме, чувствуется опыт специалиста.'),
(111, 165, 28, 31, 3, 'Вернусь на повторный приём — доверяю этому доктору.'),
(112, 166, 28, 32, 4, 'Внимательный врач, всё объяснил доступно. Рекомендую.'),
(113, 169, 29, 30, 5, 'Приём прошёл вовремя, без лишней суеты. Осталась довольна.'),
(114, 170, 29, 31, 3, 'Профессионально и доброжелательно. Помогли с диагнозом.'),
(115, 171, 29, 32, 4, 'Хорошая клиника, врач компетентный, назначения по делу.'),
(116, 172, 29, 33, 5, 'Спасибо за терпение и подробные ответы на вопросы.'),
(117, 175, 30, 31, 3, 'Чёткий план обследования, всё понятно с первого визита.'),
(118, 176, 30, 32, 4, 'Комфортно на приёме, чувствуется опыт специалиста.'),
(119, 177, 30, 33, 5, 'Вернусь на повторный приём — доверяю этому доктору.'),
(120, 178, 30, 34, 3, 'Внимательный врач, всё объяснил доступно. Рекомендую.'),
(121, 181, 31, 32, 4, 'Приём прошёл вовремя, без лишней суеты. Осталась довольна.'),
(122, 182, 31, 33, 5, 'Профессионально и доброжелательно. Помогли с диагнозом.'),
(123, 183, 31, 34, 3, 'Хорошая клиника, врач компетентный, назначения по делу.'),
(124, 184, 31, 35, 4, 'Спасибо за терпение и подробные ответы на вопросы.'),
(125, 187, 32, 33, 5, 'Чёткий план обследования, всё понятно с первого визита.'),
(126, 188, 32, 34, 3, 'Комфортно на приёме, чувствуется опыт специалиста.'),
(127, 189, 32, 35, 4, 'Вернусь на повторный приём — доверяю этому доктору.'),
(128, 190, 32, 1, 5, 'Внимательный врач, всё объяснил доступно. Рекомендую.'),
(129, 193, 33, 34, 3, 'Приём прошёл вовремя, без лишней суеты. Осталась довольна.'),
(130, 194, 33, 35, 4, 'Профессионально и доброжелательно. Помогли с диагнозом.'),
(131, 195, 33, 1, 5, 'Хорошая клиника, врач компетентный, назначения по делу.'),
(132, 196, 33, 2, 3, 'Спасибо за терпение и подробные ответы на вопросы.'),
(133, 199, 34, 35, 4, 'Чёткий план обследования, всё понятно с первого визита.'),
(134, 200, 34, 1, 5, 'Комфортно на приёме, чувствуется опыт специалиста.'),
(135, 201, 34, 2, 3, 'Вернусь на повторный приём — доверяю этому доктору.'),
(136, 202, 34, 3, 4, 'Внимательный врач, всё объяснил доступно. Рекомендую.'),
(137, 205, 35, 1, 5, 'Приём прошёл вовремя, без лишней суеты. Осталась довольна.'),
(138, 206, 35, 2, 3, 'Профессионально и доброжелательно. Помогли с диагнозом.'),
(139, 207, 35, 3, 4, 'Хорошая клиника, врач компетентный, назначения по делу.'),
(140, 208, 35, 4, 5, 'Спасибо за терпение и подробные ответы на вопросы.');
SELECT setval('reviews_id_seq', (SELECT MAX(id) FROM reviews));

-- Проверка объёмов
DO $$ BEGIN
  IF (SELECT COUNT(*) FROM roles) <> 3 THEN RAISE EXCEPTION 'roles count'; END IF;
  IF (SELECT COUNT(*) FROM doctors) < 35 THEN RAISE EXCEPTION 'doctors count'; END IF;
  IF (SELECT COUNT(*) FROM patients) < 35 THEN RAISE EXCEPTION 'patients count'; END IF;
  IF (SELECT COUNT(*) FROM specializations) < 40 THEN RAISE EXCEPTION 'specializations count'; END IF;
  IF (SELECT COUNT(*) FROM diagnoses) < 800 THEN RAISE EXCEPTION 'diagnoses count'; END IF;
  IF (SELECT COUNT(*) FROM reviews) <> (SELECT COUNT(*) FROM appointments WHERE status = 'completed') THEN
    RAISE EXCEPTION 'reviews mismatch';
  END IF;
END $$;

COMMIT;